0,1023847285699108864,2018-08-21T11:40:11.000Z,['1031868563362070528'],"{'hashtags': [{'start': 121, 'end': 130, 'tag': 'opendata'}, {'start': 201, 'end': 218, 'tag': 'opendatamovement'}, {'start': 219, 'end': 227, 'tag': 'OpenGov'}, {'start': 228, 'end': 238, 'tag': 'urbandata'}, {'start': 239, 'end': 244, 'tag': 'dane'}], 'urls': [{'start': 176, 'end': 199, 'url': 'https://t.co/rkkG2yAAr6', 'expanded_url': 'https://danepubliczne.gov.pl/dataset/39874886-5c9b-4cc0-a16c-38e1f5179ead/resource/f0a74407-11fc-4e1f-9afa-66afecf3af22/download/Informacja-PODP-2017RM.pdf', 'display_url': 'danepubliczne.gov.pl/dataset/398748‚Ä¶'}, {'start': 245, 'end': 268, 'url': 'https://t.co/KAcIFrKTvS', 'expanded_url': 'https://twitter.com/OpenData_Poland/status/1031868563362070528/photo/1', 'display_url': 'pic.twitter.com/KAcIFrKTvS', 'media_key': '3_1031867570721312768'}]}",1031868563362070528,"{'retweet_count': 0, 'reply_count': 0, 'like_count': 1, 'quote_count': 0}",Twitter Web Client,"Ponad 17 ty≈õ. wniosk√≥w o otwarte dane wp≈Çynƒô≈Ço w 2016 roku! Potrzeba dostƒôpu do danych publicznych jest ogromna. Portale #opendata skr√≥ci≈Çyby czas pracy administracji. ≈ªr√≥d≈Ço: https://t.co/rkkG2yAAr6

#opendatamovement #OpenGov #urbandata #dane https://t.co/KAcIFrKTvS"
1,458692906,2018-08-07T19:38:22.000Z,['1026915474607620099'],"{'urls': [{'start': 103, 'end': 126, 'url': 'https://t.co/DUw1tIIB40', 'expanded_url': 'http://m.st', 'display_url': 'm.st'}, {'start': 137, 'end': 160, 'url': 'https://t.co/J6eZsGPAXm', 'expanded_url': 'https://danepubliczne.gov.pl/dataset/adresy-m-st-warszawy', 'display_url': 'danepubliczne.gov.pl/dataset/adresy‚Ä¶'}]}",1026915474607620099,"{'retweet_count': 0, 'reply_count': 0, 'like_count': 1, 'quote_count': 0}",TweetDeck,Ponad 112 000 adres√≥w pochodzƒÖcych z bazy danych ewidencji miejscowo≈õci ulic i adres√≥w prowadzonej dla https://t.co/DUw1tIIB40. Warszawy https://t.co/J6eZsGPAXm
2,1023847285699108864,2018-08-02T11:36:59.000Z,['1024982391226548224'],"{'hashtags': [{'start': 150, 'end': 159, 'tag': 'opendata'}, {'start': 160, 'end': 172, 'tag': 'otwartedane'}, {'start': 173, 'end': 184, 'tag': 'publicdata'}, {'start': 185, 'end': 201, 'tag': 'opendataportals'}], 'urls': [{'start': 0, 'end': 23, 'url': 'https://t.co/o5rTEEIsUF', 'expanded_url': 'https://www.europeandataportal.eu/data/pl/statistics/evolution', 'display_url': 'europeandataportal.eu/data/pl/statis‚Ä¶'}, {'start': 70, 'end': 93, 'url': 'https://t.co/4FujqWRXFY', 'expanded_url': 'http://danepubliczne.gov.pl', 'display_url': 'danepubliczne.gov.pl'}, {'start': 228, 'end': 251, 'url': 'https://t.co/mGVzb80x0F', 'expanded_url': 'https://twitter.com/OpenData_Poland/status/1024982391226548224/photo/1', 'display_url': 'pic.twitter.com/mGVzb80x0F', 'media_key': '3_1024982071654207489'}]}",1024982391226548224,"{'retweet_count': 0, 'reply_count': 0, 'like_count': 0, 'quote_count': 0}",Twitter Web Client,https://t.co/o5rTEEIsUF W przeciƒÖgu dw√≥ch lat ilo≈õƒá zbior√≥w danych na https://t.co/4FujqWRXFY wzros≈Ça a≈º o ponad 900%! To ≈õwietny wynik w rankingu UE #opendata #otwartedane #publicdata #opendataportals @EU_DataPortal @MC_GOV_PL https://t.co/mGVzb80x0F
3,906823326152228864,2018-07-19T07:53:35.000Z,['1019852740497956864'],"{'urls': [{'start': 60, 'end': 83, 'url': 'https://t.co/9C52Zcimzs', 'expanded_url': 'http://integracja.gugik.gov.pl/daneadresowe', 'display_url': 'integracja.gugik.gov.pl/daneadresowe'}, {'start': 116, 'end': 139, 'url': 'https://t.co/QXfhqvhQZ2', 'expanded_url': 'http://danepubliczne.gov.pl', 'display_url': 'danepubliczne.gov.pl'}, {'start': 181, 'end': 204, 'url': 'https://t.co/9C52Zcimzs', 'expanded_url': 'http://integracja.gugik.gov.pl/daneadresowe', 'display_url': 'integracja.gugik.gov.pl/daneadresowe'}]}",1019852740497956864,"{'retweet_count': 0, 'reply_count': 0, 'like_count': 0, 'quote_count': 0}",Facebook,"Dane adresowe gmin mo≈ºna pobraƒá ze strony GUGiK

Na stronie https://t.co/9C52Zcimzs, kt√≥ra jest w≈ÇƒÖczona do portalu https://t.co/QXfhqvhQZ2 udostƒôpniono dane adresowe 2097 gmin.... https://t.co/9C52Zcimzs"
4,391996336,2018-07-18T10:44:38.000Z,['1019533396488355840'],"{'mentions': [{'start': 190, 'end': 205, 'username': 'WaldekIzdebski', 'id': '950739780962344960'}], 'urls': [{'start': 11, 'end': 34, 'url': 'https://t.co/3lOXh6Uz7F', 'expanded_url': 'http://integracja.gugik.gov.pl/daneadresowe', 'display_url': 'integracja.gugik.gov.pl/daneadresowe'}, {'start': 67, 'end': 90, 'url': 'https://t.co/9WKS4zHuLf', 'expanded_url': 'http://danepubliczne.gov.pl', 'display_url': 'danepubliczne.gov.pl'}, {'start': 280, 'end': 303, 'url': 'https://t.co/aIdLXZ0EXT', 'expanded_url': 'https://twitter.com/GUGiKgovpl/status/1019533396488355840/photo/1', 'display_url': 'pic.twitter.com/aIdLXZ0EXT', 'media_key': '3_1019533281816129536'}]}",1019533396488355840,"{'retweet_count': 3, 'reply_count': 1, 'like_count': 9, 'quote_count': 1}",Twitter Web Client,"Na stronie https://t.co/3lOXh6Uz7F, kt√≥ra jest w≈ÇƒÖczona do portalu https://t.co/9WKS4zHuLf udostƒôpniono dane adresowe 2097 gmin. To pierwszy efekt prac tzw. zespo≈Çu adresowego. IntencjƒÖ GGK @WaldekIzdebski jest, aby jak najszybciej znalaz≈Çy siƒô tam dane wszystkich polskich gmin. https://t.co/aIdLXZ0EXT"
5,809072890528329729,2018-06-15T10:05:13.000Z,['1007564678619377665'],"{'hashtags': [{'start': 19, 'end': 31, 'tag': 'OtwarteDane'}, {'start': 242, 'end': 256, 'tag': 'DanePubliczne'}], 'urls': [{'start': 257, 'end': 280, 'url': 'https://t.co/Q3A4yX4F8X', 'expanded_url': 'http://danepubliczne.gov.pl', 'display_url': 'danepubliczne.gov.pl'}, {'start': 281, 'end': 304, 'url': 'https://t.co/Gk7LRyiDWR', 'expanded_url': 'https://twitter.com/SmartCityPolska/status/1007564678619377665/photo/1', 'display_url': 'pic.twitter.com/Gk7LRyiDWR', 'media_key': '3_1007564675578462208'}, {'start': 281, 'end': 304, 'url': 'https://t.co/Gk7LRyiDWR', 'expanded_url': 'https://twitter.com/SmartCityPolska/status/1007564678619377665/photo/1', 'display_url': 'pic.twitter.com/Gk7LRyiDWR', 'media_key': '3_1007564675599478784'}, {'start': 281, 'end': 304, 'url': 'https://t.co/Gk7LRyiDWR', 'expanded_url': 'https://twitter.com/SmartCityPolska/status/1007564678619377665/photo/1', 'display_url': 'pic.twitter.com/Gk7LRyiDWR', 'media_key': '3_1007564675540799488'}, {'start': 281, 'end': 304, 'url': 'https://t.co/Gk7LRyiDWR', 'expanded_url': 'https://twitter.com/SmartCityPolska/status/1007564678619377665/photo/1', 'display_url': 'pic.twitter.com/Gk7LRyiDWR', 'media_key': '3_1007564675846942721'}]}",1007564678619377665,"{'retweet_count': 1, 'reply_count': 0, 'like_count': 1, 'quote_count': 0}",Crowdfire Inc.,TrwajƒÖ warsztaty z #OtwarteDane Otwarcie dostƒôpu do 6 baz danych kluczowych dla obywateli i przedsiƒôbiorc√≥w. Wsp√≥lnie z samorzadowcami wymy≈õlamy aplikacje rozwiƒÖzujƒÖce problemy mieszka≈Ñc√≥w. Prezentuje Agata Miazga Pe≈Çnomocnik @MC_GOV_PL  ds. #DanePubliczne https://t.co/Q3A4yX4F8X https://t.co/Gk7LRyiDWR
6,1656169532,2018-06-13T08:20:44.000Z,['1006813609320681473'],"{'hashtags': [{'start': 138, 'end': 143, 'tag': 'ODQM'}, {'start': 257, 'end': 269, 'tag': 'otwartedane'}, {'start': 270, 'end': 279, 'tag': 'Impact18'}], 'mentions': [{'start': 236, 'end': 245, 'username': 'COIgovPL', 'id': '3586942595'}], 'urls': [{'start': 16, 'end': 39, 'url': 'https://t.co/wiYCPfHv5G', 'expanded_url': 'http://danepubliczne.gov.pl', 'display_url': 'danepubliczne.gov.pl'}]}",1006813609320681473,"{'retweet_count': 1, 'reply_count': 0, 'like_count': 1, 'quote_count': 1}",Twitter for Android,"To ju≈º doba bez https://t.co/wiYCPfHv5G-≈∫r√≥d≈Ça danych dla aplikacji innowacyjnej gospodarki. 
Brak info o terminie przywr√≥cenia.
Wska≈∫nik #ODQM niedostepno≈õƒá danych okre≈õla jako ich niskƒÖ jako≈õƒá. Dane niskiej jako≈õci sƒÖ nieprzydatne :(
@COIgovPL @MC_GOV_PL #otwartedane #Impact18"
7,1656169532,2018-06-07T17:48:14.000Z,['1004782098765504513'],"{'hashtags': [{'start': 269, 'end': 278, 'tag': 'OpenData'}], 'mentions': [{'start': 254, 'end': 268, 'username': 'ZagorskiMarek', 'id': '3316934339'}], 'urls': [{'start': 36, 'end': 59, 'url': 'https://t.co/yBY0gzr4V5', 'expanded_url': 'http://bit.ly/2JombeF', 'display_url': 'bit.ly/2JombeF'}]}",1004782098765504513,"{'retweet_count': 2, 'reply_count': 0, 'like_count': 2, 'quote_count': 0}",Twitter Web Client,"‚ùóÔ∏èZmieniono standard API @MC_GOV_PL https://t.co/yBY0gzr4V5
W stosunku do poprzedniej wersji jest to KROK WSTECZ. 
Narodowe metadane usuniƒôto (liczƒÖce siƒô kraje je majƒÖ)=u≈Çatwiono sobie realizacjƒô bie≈ºƒÖcego projektu kosztem utraty ≈õwiatowych do≈õwiadcze≈Ñ @ZagorskiMarek #OpenData"
8,3304445147,2018-06-04T11:03:22.000Z,['1003593045433036800'],"{'mentions': [{'start': 122, 'end': 128, 'username': 'KGPSP', 'id': '190951865'}], 'urls': [{'start': 130, 'end': 153, 'url': 'https://t.co/mwBt1DZdl3', 'expanded_url': 'https://danepubliczne.gov.pl/dataset/dane-statystyczne-kg-psp-interwencje-z-ostatniej-doby#', 'display_url': 'danepubliczne.gov.pl/dataset/dane-s‚Ä¶'}, {'start': 154, 'end': 177, 'url': 'https://t.co/8UUfnCk9DE', 'expanded_url': 'https://twitter.com/bartoshchyz/status/1003593045433036800/photo/1', 'display_url': 'pic.twitter.com/8UUfnCk9DE', 'media_key': '3_1003592283982368768'}]}",1003593045433036800,"{'retweet_count': 0, 'reply_count': 0, 'like_count': 0, 'quote_count': 0}",Twitter Web Client,"Symboliczny stan dostƒôpu do danych w üáµüá± w oficjalnym, rzƒÖdowym portalu Dane Publiczne  (pozdrowienia dla  @MC_GOV_PL oraz @KGPSP)
https://t.co/mwBt1DZdl3 https://t.co/8UUfnCk9DE"
9,1656169532,2018-06-04T10:36:10.000Z,['1003586198584127489'],"{'hashtags': [{'start': 249, 'end': 258, 'tag': 'OpenData'}], 'mentions': [{'start': 234, 'end': 248, 'username': 'ZagorskiMarek', 'id': '3316934339'}, {'start': 259, 'end': 273, 'username': 'TomaszZdzikot', 'id': '4539355517'}], 'urls': [{'start': 162, 'end': 185, 'url': 'https://t.co/AqgIZZovv5', 'expanded_url': 'http://bit.ly/OD_LAW', 'display_url': 'bit.ly/OD_LAW'}]}",1003586198584127489,"{'retweet_count': 1, 'reply_count': 0, 'like_count': 0, 'quote_count': 0}",Twitter Web Client,"‚ùóÔ∏èNowy prawny standard otwarto≈õci danych publicznych + de lege ferenda + w≈Çasnie opublikowane przez @MC_GOV_PL do dwudniowych konsultacji, czyli do 06.06.2018 r. https://t.co/AqgIZZovv5 (.odt. ok.60kB)
Uwagi na: otwartedane@mc.gov.pl
@ZagorskiMarek #OpenData @TomaszZdzikot"
10,1656169532,2018-05-24T07:33:05.000Z,['999553858731900928'],"{'hashtags': [{'start': 243, 'end': 255, 'tag': 'otwartedane'}], 'urls': [{'start': 256, 'end': 279, 'url': 'https://t.co/KcdBHPbJhl', 'expanded_url': 'https://bit.ly/2KRYuvR', 'display_url': 'bit.ly/2KRYuvR'}, {'start': 280, 'end': 303, 'url': 'https://t.co/tApvTj77he', 'expanded_url': 'https://twitter.com/mmozejewski/status/999553858731900928/photo/1', 'display_url': 'pic.twitter.com/tApvTj77he', 'media_key': '3_999546612761284608'}, {'start': 280, 'end': 303, 'url': 'https://t.co/tApvTj77he', 'expanded_url': 'https://twitter.com/mmozejewski/status/999553858731900928/photo/1', 'display_url': 'pic.twitter.com/tApvTj77he', 'media_key': '3_999553103148941312'}]}",999553858731900928,"{'retweet_count': 2, 'reply_count': 0, 'like_count': 1, 'quote_count': 0}",Twitter Web Client,"OD.API to nowy standard @MC_GOV_PL otwierania danych publicznych, kt√≥ry stawia nie tylko na ilo≈õƒá ale i jako≈õƒá informacji. Tym samym Polska tworzy awangardƒô w tym obszarze. Teraz wystarczy zastosowaƒá do czego zachƒôcam administracjƒô oraz firmy #otwartedane https://t.co/KcdBHPbJhl https://t.co/tApvTj77he"
11,91562770,2018-05-17T16:59:51.000Z,['997159774952148992'],"{'urls': [{'start': 122, 'end': 145, 'url': 'https://t.co/OMcfkEDGRd', 'expanded_url': 'https://danepubliczne.gov.pl/article/coraz-wiecej-otwartych-danych-gotowych-do-ponownego-wykorzystywania#ermiT', 'display_url': 'danepubliczne.gov.pl/article/coraz-‚Ä¶'}]}",997159774952148992,"{'retweet_count': 0, 'reply_count': 0, 'like_count': 0, 'quote_count': 0}",Twitter Web Client,"Ministerstwo Cyfryzacji opublikowa≈Ço ""RAPORT NT. REZULTAT√ìW WDRA≈ªANIA PROGRAMU OTWIERANIA DANYCH PUBLICZNYCH"" w 2017 r.
  https://t.co/OMcfkEDGRd"
12,507215842,2018-05-15T12:00:10.000Z,['996359580245528576'],"{'hashtags': [{'start': 243, 'end': 249, 'tag': 'reuse'}, {'start': 250, 'end': 259, 'tag': 'opendata'}], 'urls': [{'start': 219, 'end': 242, 'url': 'https://t.co/XXpRM7bMIJ', 'expanded_url': 'http://tinyurl.com/y7kqhwwt', 'display_url': 'tinyurl.com/y7kqhwwt'}, {'start': 260, 'end': 283, 'url': 'https://t.co/Ss5rDSejtu', 'expanded_url': 'https://twitter.com/MC_GOV_PL/status/996359580245528576/photo/1', 'display_url': 'pic.twitter.com/Ss5rDSejtu', 'media_key': '3_996359391799644160'}]}",996359580245528576,"{'retweet_count': 4, 'reply_count': 0, 'like_count': 18, 'quote_count': 1}",Twitter Web Client,"üì£Ponad 100 dostawc√≥w danychüë©‚Äçüíªüë®‚Äçüíªi prawie 8,5 tys. zasob√≥w üíΩ Liczba otwartych, dostƒôpnych i wiarygodnych danych wciƒÖ≈º ro≈õnie üìà‚ùó
Szczeg√≥≈Çy w drugim raporcie z rezultat√≥w wdra≈ºania Programu Otwierania Danych Publicznych: https://t.co/XXpRM7bMIJ #reuse #opendata https://t.co/Ss5rDSejtu"
13,3077668144,2018-03-11T22:14:51.000Z,['972959062966046722'],"{'mentions': [{'start': 17, 'end': 30, 'username': 'PatrykSlowik', 'id': '369114586'}], 'urls': [{'start': 142, 'end': 165, 'url': 'https://t.co/UfVtRu0zzM', 'expanded_url': 'https://danepubliczne.gov.pl/dataset/lista-sadow-powszechnych/resource/9fb180e6-8bb9-44a3-83c7-128ea7ab4d8a', 'display_url': 'danepubliczne.gov.pl/dataset/lista-‚Ä¶'}, {'start': 207, 'end': 230, 'url': 'https://t.co/HnffktHWHH', 'expanded_url': 'https://twitter.com/PatrykWachowiec/status/972959062966046722/photo/1', 'display_url': 'pic.twitter.com/HnffktHWHH', 'media_key': '3_972958856555974657'}]}",972959062966046722,"{'retweet_count': 0, 'reply_count': 0, 'like_count': 5, 'quote_count': 0}",Twitter Web Client,"Panie redaktorze @PatrykSlowik, gdyby Pan mia≈Ç okazjƒô przekazaƒá red. Szymaniakowi, ≈ºe liczbƒô sƒÖd√≥w rejonowych mo≈ºna sprawdziƒá w 20 sekund na: https://t.co/UfVtRu0zzM

(fragment art. z jutrzejszej GP, s. B7) https://t.co/HnffktHWHH"
14,856394073254526977,2018-02-28T21:38:36.000Z,['968963671627108352'],"{'urls': [{'start': 61, 'end': 84, 'url': 'https://t.co/SWKFbxZvJN', 'expanded_url': 'http://DanePubliczne.gov.pl', 'display_url': 'DanePubliczne.gov.pl'}, {'start': 117, 'end': 140, 'url': 'https://t.co/Wq0Ilg7LO0', 'expanded_url': 'https://danepubliczne.gov.pl', 'display_url': 'danepubliczne.gov.pl'}, {'start': 243, 'end': 266, 'url': 'https://t.co/56fQvVgM5h', 'expanded_url': 'https://ietu.pl/otwieramy-dane-publiczne', 'display_url': 'ietu.pl/otwieramy-dane‚Ä¶'}, {'start': 267, 'end': 290, 'url': 'https://t.co/EPKUuJXXvb', 'expanded_url': 'https://twitter.com/Instytuty_MS/status/968963671627108352/photo/1', 'display_url': 'pic.twitter.com/EPKUuJXXvb', 'media_key': '3_968963445637906437'}]}",968963671627108352,"{'retweet_count': 0, 'reply_count': 0, 'like_count': 0, 'quote_count': 0}",Twitter Web Client,"Dane publiczne IETU sƒÖ ju≈º dostƒôpne za po≈õrednictwem serwisu https://t.co/SWKFbxZvJN.
Serwis Ministerstwa Cyfryzacji https://t.co/Wq0Ilg7LO0 to centrum dostƒôpu do danych publicznych w Polsce, z kt√≥rych ka≈ºdy mo≈ºe korzystaƒá.
Wiƒôcej informacji: https://t.co/56fQvVgM5h https://t.co/EPKUuJXXvb"
15,458692906,2018-01-16T10:40:36.000Z,['953215403836178433'],"{'hashtags': [{'start': 118, 'end': 133, 'tag': 'LinkedOpenData'}], 'urls': [{'start': 20, 'end': 43, 'url': 'https://t.co/tERN6HbTbN', 'expanded_url': 'http://danepubliczne.gov.pl', 'display_url': 'danepubliczne.gov.pl'}, {'start': 134, 'end': 157, 'url': 'https://t.co/tdvTeHDBfY', 'expanded_url': 'https://danepubliczne.gov.pl/dataset/przestrzenne-dane-geologiczne-semantyczne-metadane', 'display_url': 'danepubliczne.gov.pl/dataset/przest‚Ä¶'}]}",953215403836178433,"{'retweet_count': 1, 'reply_count': 0, 'like_count': 4, 'quote_count': 0}",Twitter Web Client,Geologia na portalu https://t.co/tERN6HbTbN ≈Åatwe wyszukanie przestrzennych danych geologicznych dziƒôki formatowi RDF #LinkedOpenData https://t.co/tdvTeHDBfY
16,4054617587,2017-11-28T07:21:24.000Z,['935408266464677888'],"{'hashtags': [{'start': 39, 'end': 48, 'tag': 'OpenData'}], 'mentions': [{'start': 16, 'end': 27, 'username': 'GUGiKgovpl', 'id': '391996336'}], 'urls': [{'start': 49, 'end': 72, 'url': 'https://t.co/lcEwc28bJp', 'expanded_url': 'http://bit.ly/2BicsC9', 'display_url': 'bit.ly/2BicsC9'}, {'start': 73, 'end': 96, 'url': 'https://t.co/lwVjElZfQi', 'expanded_url': 'https://twitter.com/GeoforumPL/status/935408266464677888/photo/1', 'display_url': 'pic.twitter.com/lwVjElZfQi', 'media_key': '3_935408254569598977'}]}",935408266464677888,"{'retweet_count': 0, 'reply_count': 0, 'like_count': 2, 'quote_count': 1}",Twitter Web Client,Kolejne kroczki @GUGiKgovpl w kierunku #OpenData https://t.co/lcEwc28bJp https://t.co/lwVjElZfQi
17,162788175,2017-11-23T16:11:20.000Z,['933729687595028482'],"{'hashtags': [{'start': 102, 'end': 110, 'tag': 'GOVTECH'}], 'mentions': [{'start': 189, 'end': 204, 'username': 'AnnaStrezynska', 'id': '346048464'}], 'urls': [{'start': 52, 'end': 75, 'url': 'https://t.co/D2SRe4E0aE', 'expanded_url': 'http://danepubliczne.gov.pl', 'display_url': 'danepubliczne.gov.pl'}, {'start': 149, 'end': 172, 'url': 'https://t.co/5IamxKlv87', 'expanded_url': 'http://obserwatorium.biz', 'display_url': 'obserwatorium.biz'}, {'start': 218, 'end': 241, 'url': 'https://t.co/LCpaY6azdO', 'expanded_url': 'https://twitter.com/gzajaczkowski/status/933729687595028482/photo/1', 'display_url': 'pic.twitter.com/LCpaY6azdO', 'media_key': '3_933729676731867136'}]}",933729687595028482,"{'retweet_count': 3, 'reply_count': 3, 'like_count': 22, 'quote_count': 0}",Twitter for Android,Mia≈Çem zaszczyt prezentowaƒá projekty API @MC_GOV_PL https://t.co/D2SRe4E0aE oraz Kronik@ na na panelu #GOVTECH konferencji Liderzy Cyfrowi. Dziƒôkujƒô https://t.co/5IamxKlv87 za zaproszenie. @AnnaStrezynska @MC_rzecznik https://t.co/LCpaY6azdO
18,162788175,2017-11-23T10:04:41.000Z,['933637419877978112'],"{'mentions': [{'start': 95, 'end': 107, 'username': 'EU_opendata', 'id': '115660120'}, {'start': 250, 'end': 265, 'username': 'AnnaStrezynska', 'id': '346048464'}], 'urls': [{'start': 41, 'end': 64, 'url': 'https://t.co/D2SRe4E0aE', 'expanded_url': 'http://danepubliczne.gov.pl', 'display_url': 'danepubliczne.gov.pl'}, {'start': 266, 'end': 289, 'url': 'https://t.co/Fqm5X9ybrb', 'expanded_url': 'https://twitter.com/gzajaczkowski/status/933637419877978112/photo/1', 'display_url': 'pic.twitter.com/Fqm5X9ybrb', 'media_key': '3_933636199314526208'}]}",933637419877978112,"{'retweet_count': 21, 'reply_count': 1, 'like_count': 56, 'quote_count': 5}",Twitter Web Client,Bardzo dobre informacje na temat portalu https://t.co/D2SRe4E0aE - w ocenie Banku ≈öwiatowego i @EU_opendata w ciƒÖgu roku!! zmienili≈õmy grupƒô z na≈õladowc√≥w do grupy kraj√≥w szybko wdra≈ºajƒÖcych nowe rozwiƒÖzania (fast-trackers)! Gratulacje dla zespo≈Çu ! @AnnaStrezynska https://t.co/Fqm5X9ybrb
19,2467696513,2017-10-22T15:32:56.000Z,['922123613595193345'],"{'urls': [{'start': 0, 'end': 23, 'url': 'https://t.co/FCl4XcUrDF', 'expanded_url': 'https://danepubliczne.gov.pl/', 'display_url': 'danepubliczne.gov.pl'}]}",922123613595193345,"{'retweet_count': 0, 'reply_count': 0, 'like_count': 1, 'quote_count': 0}",Twitter Web Client,https://t.co/FCl4XcUrDF
20,2222136900,2017-08-25T10:39:17.000Z,['901031219953111040'],"{'urls': [{'start': 14, 'end': 37, 'url': 'https://t.co/1y0pE9rLJo', 'expanded_url': 'http://BIP.gov.pl', 'display_url': 'BIP.gov.pl'}, {'start': 69, 'end': 92, 'url': 'https://t.co/FBFrNh3HKs', 'expanded_url': 'http://DanePubliczne.gov.pl', 'display_url': 'DanePubliczne.gov.pl'}, {'start': 110, 'end': 133, 'url': 'https://t.co/cKmhO24BUN', 'expanded_url': 'https://widok.gov.pl/pl/statistics/', 'display_url': 'widok.gov.pl/pl/statistics/'}]}",901031219953111040,"{'retweet_count': 0, 'reply_count': 0, 'like_count': 1, 'quote_count': 0}",Twitter Web Client,"Czy wiesz, ≈ºe https://t.co/1y0pE9rLJo ma 10 razy wiƒôcej odwiedzin od https://t.co/FBFrNh3HKs? Wiƒôcej info. na https://t.co/cKmhO24BUN"
21,712675068283904002,2017-07-07T10:00:24.000Z,['883264427235180544'],"{'hashtags': [{'start': 69, 'end': 79, 'tag': 'openadata'}, {'start': 80, 'end': 86, 'tag': 'reuse'}], 'urls': [{'start': 45, 'end': 68, 'url': 'https://t.co/ej42j7uHtI', 'expanded_url': 'http://danepubliczne.gov.pl', 'display_url': 'danepubliczne.gov.pl'}, {'start': 87, 'end': 110, 'url': 'https://t.co/Rb9IOBW49l', 'expanded_url': 'https://twitter.com/MC_GOV_PL/status/883257162176266240/photo/1', 'display_url': 'pic.twitter.com/Rb9IOBW49l', 'media_key': '3_883257133747363840'}]}",883264427235180544,"{'retweet_count': 0, 'reply_count': 0, 'like_count': 0, 'quote_count': 0}",erased13914146,Coraz lepsze statystyki otwarto≈õci danych na https://t.co/ej42j7uHtI #openadata #reuse https://t.co/Rb9IOBW49l
22,507215842,2017-07-07T09:31:32.000Z,['883257162176266240'],"{'hashtags': [{'start': 71, 'end': 81, 'tag': 'openadata'}, {'start': 82, 'end': 88, 'tag': 'reuse'}], 'urls': [{'start': 45, 'end': 68, 'url': 'https://t.co/z6UWmLz3ZT', 'expanded_url': 'http://danepubliczne.gov.pl', 'display_url': 'danepubliczne.gov.pl'}, {'start': 89, 'end': 112, 'url': 'https://t.co/xegBxUu7PK', 'expanded_url': 'https://twitter.com/MC_GOV_PL/status/883257162176266240/photo/1', 'display_url': 'pic.twitter.com/xegBxUu7PK', 'media_key': '3_883257133747363840'}]}",883257162176266240,"{'retweet_count': 6, 'reply_count': 2, 'like_count': 11, 'quote_count': 1}",Twitter Web Client,Coraz lepsze statystyki otwarto≈õci danych na https://t.co/z6UWmLz3ZT   #openadata #reuse https://t.co/xegBxUu7PK
23,712675068283904002,2017-07-06T13:08:45.000Z,['882949441103286277'],"{'hashtags': [{'start': 69, 'end': 79, 'tag': 'openadata'}, {'start': 80, 'end': 86, 'tag': 'reuse'}], 'urls': [{'start': 45, 'end': 68, 'url': 'https://t.co/ej42j7uHtI', 'expanded_url': 'http://danepubliczne.gov.pl', 'display_url': 'danepubliczne.gov.pl'}, {'start': 87, 'end': 110, 'url': 'https://t.co/gpU3U7TAz1', 'expanded_url': 'https://twitter.com/MC_GOV_PL/status/882942782813470720/photo/1', 'display_url': 'pic.twitter.com/gpU3U7TAz1'}]}",882949441103286277,"{'retweet_count': 0, 'reply_count': 0, 'like_count': 0, 'quote_count': 0}",erased13914152,Coraz lepsze statystyki otwarto≈õci danych na https://t.co/ej42j7uHtI #openadata #reuse https://t.co/gpU3U7TAz1
24,41564572,2017-06-29T09:23:10.000Z,['880355956563075072'],"{'urls': [{'start': 7, 'end': 30, 'url': 'https://t.co/EajiGb8rvL', 'expanded_url': 'https://danepubliczne.gov.pl/', 'display_url': 'danepubliczne.gov.pl'}]}",880355956563075072,"{'retweet_count': 0, 'reply_count': 0, 'like_count': 1, 'quote_count': 0}",TweetDeck,"serwer https://t.co/EajiGb8rvL zniknƒÖ≈Ç z sieci. Blackout? Petya?
@MC_GOV_PL"
25,2270690475,2017-06-16T15:31:36.000Z,['875737631455416320'],"{'mentions': [{'start': 11, 'end': 26, 'username': 'dane_publiczne', 'id': '743796125665230848'}], 'urls': [{'start': 72, 'end': 95, 'url': 'https://t.co/gCkvYtFGoz', 'expanded_url': 'https://danepubliczne.gov.pl', 'display_url': 'danepubliczne.gov.pl'}]}",875737631455416320,"{'retweet_count': 0, 'reply_count': 0, 'like_count': 0, 'quote_count': 0}",Twitter for Android,Czy profil @dane_publiczne jest w jakikolwiek spos√≥b zwiƒÖzany ze stronƒÖ https://t.co/gCkvYtFGoz prowadzonƒÖ przez @MC_GOV_PL?
26,368433653,2017-05-31T11:19:23.000Z,['869875953794785280'],"{'urls': [{'start': 91, 'end': 114, 'url': 'https://t.co/Hwh1m1QvO8', 'expanded_url': 'http://danepubliczne.gov.pl', 'display_url': 'danepubliczne.gov.pl'}, {'start': 117, 'end': 140, 'url': 'https://t.co/b2WUm14QKZ', 'expanded_url': 'https://legislacja.rcl.gov.pl/projekt/12298901/katalog/12435706', 'display_url': 'legislacja.rcl.gov.pl/projekt/122989‚Ä¶'}]}",869875953794785280,"{'retweet_count': 0, 'reply_count': 0, 'like_count': 0, 'quote_count': 0}",Twitter Web Client,"[PL] only. Pls RT
@mc_gov_pl oczekuje na uwagi do projektu rozporzƒÖdzenia,  dot. danych na https://t.co/Hwh1m1QvO8. 
https://t.co/b2WUm14QKZ"
27,2180682356,2017-05-31T09:09:03.000Z,['869843153943228416'],"{'hashtags': [{'start': 64, 'end': 75, 'tag': 'sektor2017'}], 'urls': [{'start': 31, 'end': 54, 'url': 'https://t.co/hMKT7nsGhy', 'expanded_url': 'http://danepubliczne.gov.pl', 'display_url': 'danepubliczne.gov.pl'}]}",869843153943228416,"{'retweet_count': 0, 'reply_count': 0, 'like_count': 5, 'quote_count': 0}",Twitter Web Client,Otwarte dane dziƒôki @MC_GOV_PL https://t.co/hMKT7nsGhy o tym na #sektor2017
28,316336423,2017-05-10T16:44:42.000Z,['862347677710921728'],"{'urls': [{'start': 8, 'end': 31, 'url': 'https://t.co/ZkXGjbqcaR', 'expanded_url': 'https://danepubliczne.gov.pl', 'display_url': 'danepubliczne.gov.pl'}]}",862347677710921728,"{'retweet_count': 0, 'reply_count': 0, 'like_count': 0, 'quote_count': 0}",Twitter for Android,Dig in! https://t.co/ZkXGjbqcaR
29,3586942595,2017-04-10T16:19:00.000Z,['851469573941604352'],"{'mentions': [{'start': 32, 'end': 43, 'username': 'GUGiKgovpl', 'id': '391996336'}], 'urls': [{'start': 85, 'end': 108, 'url': 'https://t.co/S6jSCALysT', 'expanded_url': 'http://danepubliczne.gov.pl', 'display_url': 'danepubliczne.gov.pl'}, {'start': 116, 'end': 139, 'url': 'https://t.co/19Od7ECGY2', 'expanded_url': 'http://bit.ly/2oXboyv', 'display_url': 'bit.ly/2oXboyv'}]}",851469573941604352,"{'retweet_count': 2, 'reply_count': 4, 'like_count': 9, 'quote_count': 0}",Buffer,Narodowy Instytut Dziedzictwa i @GUGiKgovpl liderami otwarto≈õci danych na z serwisie https://t.co/S6jSCALysT Brawo! https://t.co/19Od7ECGY2
30,391996336,2017-04-07T12:53:12.000Z,['850330617506091008'],"{'urls': [{'start': 49, 'end': 72, 'url': 'https://t.co/9WKS4zHuLf', 'expanded_url': 'http://danepubliczne.gov.pl', 'display_url': 'danepubliczne.gov.pl'}, {'start': 73, 'end': 96, 'url': 'https://t.co/UxyKe0fAjb', 'expanded_url': 'https://mc.gov.pl/aktualnosci/liderzy-otwartosci-danych-na-portalu-danepublicznegovpl', 'display_url': 'mc.gov.pl/aktualnosci/li‚Ä¶'}]}",850330617506091008,"{'retweet_count': 0, 'reply_count': 0, 'like_count': 1, 'quote_count': 0}",Twitter Web Client,"GUGiK wsr√≥d Lider√≥w otwarto≈õci danych na portalu https://t.co/9WKS4zHuLf
https://t.co/UxyKe0fAjb"
31,79483518,2017-04-01T11:41:13.000Z,['848138174199156737'],"{'hashtags': [{'start': 48, 'end': 58, 'tag': 'BIPPolska'}], 'urls': [{'start': 24, 'end': 47, 'url': 'https://t.co/RjPEyjDmHB', 'expanded_url': 'https://danepubliczne.gov.pl/#', 'display_url': 'danepubliczne.gov.pl/#'}]}",848138174199156737,"{'retweet_count': 0, 'reply_count': 0, 'like_count': 0, 'quote_count': 0}",Twitter Web Client,Witamy - Dane Publiczne https://t.co/RjPEyjDmHB #BIPPolska
32,140091355,2017-03-29T08:14:02.000Z,['846998871892996097'],"{'annotations': [{'start': 31, 'end': 33, 'probability': 0.9622, 'type': 'Other', 'normalized_text': 'SQL'}], 'urls': [{'start': 38, 'end': 61, 'url': 'https://t.co/me6K3aVxqw', 'expanded_url': 'https://danepubliczne.gov.pl/', 'display_url': 'danepubliczne.gov.pl'}, {'start': 77, 'end': 100, 'url': 'https://t.co/SUrgxoruyF', 'expanded_url': 'https://twitter.com/pawel_lukasik/status/846998871892996097/photo/1', 'display_url': 'pic.twitter.com/SUrgxoruyF', 'media_key': '3_846998869825273857'}]}",846998871892996097,"{'retweet_count': 0, 'reply_count': 0, 'like_count': 1, 'quote_count': 0}",Buffer,I'm not sure that allowing raw SQL on https://t.co/me6K3aVxqw is a good idea https://t.co/SUrgxoruyF
33,3586942595,2017-03-23T17:01:55.000Z,['844957390768390144'],"{'urls': [{'start': 3, 'end': 26, 'url': 'https://t.co/S6jSCALysT', 'expanded_url': 'http://danepubliczne.gov.pl', 'display_url': 'danepubliczne.gov.pl'}, {'start': 117, 'end': 140, 'url': 'https://t.co/CkDNcGhv0F', 'expanded_url': 'http://bit.ly/2o7OpQ4', 'display_url': 'bit.ly/2o7OpQ4'}, {'start': 141, 'end': 164, 'url': 'https://t.co/oyfdCjh9Lw', 'expanded_url': 'https://twitter.com/COIgovPL/status/844957390768390144/photo/1', 'display_url': 'pic.twitter.com/oyfdCjh9Lw', 'media_key': '3_844957388146950144'}]}",844957390768390144,"{'retweet_count': 7, 'reply_count': 2, 'like_count': 25, 'quote_count': 4}",Buffer,"Do https://t.co/S6jSCALysT trafi≈Ça baza danych o przestƒôpczo≈õci. Kto pierwszy stworzy apkƒô ""Strze≈º siƒô tych miejsc""? https://t.co/CkDNcGhv0F https://t.co/oyfdCjh9Lw"
34,608650878,2017-02-10T11:39:24.000Z,['830018327372300288'],"{'annotations': [{'start': 0, 'end': 5, 'probability': 0.9296, 'type': 'Organization', 'normalized_text': 'UNESCO'}], 'mentions': [{'start': 56, 'end': 64, 'username': 'carwash', 'id': '14056676'}], 'urls': [{'start': 32, 'end': 55, 'url': 'https://t.co/yXlSYq3w8O', 'expanded_url': 'https://danepubliczne.gov.pl/dataset/obiekty-wpisane-na-liste-swiatowego-dziedzictwa-unesco/resource/fb4b39e6-aeff-4fa4-a401-04b6afb8b5cf', 'display_url': 'danepubliczne.gov.pl/dataset/obiekt‚Ä¶'}]}",830018327372300288,"{'retweet_count': 2, 'reply_count': 0, 'like_count': 0, 'quote_count': 0}",Twitter Web Client,UNESCO sites available as well! https://t.co/yXlSYq3w8O @carwash
35,608650878,2017-02-10T11:36:30.000Z,['830017594350526465'],"{'annotations': [{'start': 46, 'end': 48, 'probability': 0.4394, 'type': 'Organization', 'normalized_text': 'RDF'}, {'start': 59, 'end': 67, 'probability': 0.4591, 'type': 'Other', 'normalized_text': 'N-TRIPLES'}], 'mentions': [{'start': 108, 'end': 117, 'username': 'COIgovPL', 'id': '3586942595'}], 'urls': [{'start': 84, 'end': 107, 'url': 'https://t.co/LQkd9Q2zqX', 'expanded_url': 'https://danepubliczne.gov.pl/dataset/pomniki-historii/resource/6d617d56-bac9-470c-ab58-a43c3de499df', 'display_url': 'danepubliczne.gov.pl/dataset/pomnik‚Ä¶'}]}",830017594350526465,"{'retweet_count': 0, 'reply_count': 0, 'like_count': 0, 'quote_count': 1}",Twitter Web Client,"LOD dataset ""monuments of history"" available. RDF model in N-TRIPLES serialization üòÄhttps://t.co/LQkd9Q2zqX @COIgovPL"
36,490659823,2017-02-07T17:36:56.000Z,['829021138982420481'],"{'urls': [{'start': 22, 'end': 45, 'url': 'https://t.co/p05Vvs3fG0', 'expanded_url': 'https://danepubliczne.gov.pl/dataset/eea68e82-c92f-4e11-a2a8-b48ee9eb2a6e/resource/25abafbc-6563-4bb1-adde-731b76ba827d/download/rocznikstatystycznyhandluzagranicznego2016.pdf', 'display_url': 'danepubliczne.gov.pl/dataset/eea68e‚Ä¶'}]}",829021138982420481,"{'retweet_count': 0, 'reply_count': 0, 'like_count': 2, 'quote_count': 0}",Twitter for iPad,≈πr√≥d≈Ço na stronie 63. https://t.co/p05Vvs3fG0
37,1000383542,2017-02-02T05:15:18.000Z,['827022560139280385'],"{'urls': [{'start': 116, 'end': 139, 'url': 'https://t.co/J0ECi8SWe2', 'expanded_url': 'http://fb.me/7FXeYleYu', 'display_url': 'fb.me/7FXeYleYu'}]}",827022560139280385,"{'retweet_count': 0, 'reply_count': 0, 'like_count': 0, 'quote_count': 0}",Facebook,- Informacja publiczna i us≈Çugi administracji powinny byƒá maksymalnie szeroko dostƒôpne dla obywateli i podmiot√≥w... https://t.co/J0ECi8SWe2
38,3586942595,2017-01-24T15:06:02.000Z,['823909731517526016'],"{'urls': [{'start': 11, 'end': 34, 'url': 'https://t.co/S6jSCALysT', 'expanded_url': 'http://danepubliczne.gov.pl', 'display_url': 'danepubliczne.gov.pl'}, {'start': 117, 'end': 140, 'url': 'https://t.co/GZJHXo8Jrb', 'expanded_url': 'http://bit.ly/2jsjCvm', 'display_url': 'bit.ly/2jsjCvm'}, {'start': 141, 'end': 164, 'url': 'https://t.co/hrbBenyCJl', 'expanded_url': 'https://twitter.com/COIgovPL/status/823909731517526016/photo/1', 'display_url': 'pic.twitter.com/hrbBenyCJl', 'media_key': '3_823909729147596804'}]}",823909731517526016,"{'retweet_count': 4, 'reply_count': 0, 'like_count': 4, 'quote_count': 0}",Buffer,"Do serwisu https://t.co/S6jSCALysT w≈Ça≈õnie trafi≈Ç zbi√≥r danych, kt√≥ry m.in. utrudni wy≈Çudzanie warszawskich kamienic https://t.co/GZJHXo8Jrb https://t.co/hrbBenyCJl"
39,1150612428,2017-01-20T11:42:49.000Z,['822409042039570433'],"{'hashtags': [{'start': 22, 'end': 35, 'tag': 'Standes√§mter'}, {'start': 39, 'end': 45, 'tag': 'Polen'}], 'urls': [{'start': 111, 'end': 134, 'url': 'https://t.co/WXqAWsdwCE', 'expanded_url': 'https://danepubliczne.gov.pl/en/dataset/dane-teleadresowe-stanu-cywilnego-w-polsce', 'display_url': 'danepubliczne.gov.pl/en/dataset/dan‚Ä¶'}]}",822409042039570433,"{'retweet_count': 0, 'reply_count': 0, 'like_count': 1, 'quote_count': 0}",Twitter Web Client,"komplette Liste aller #Standes√§mter in #Polen mit Adressen (auch E-Mail) und Telefonnummern ver√∂ffentlicht auf
https://t.co/WXqAWsdwCE"
