0,2657079979,2021-12-22T15:35:55.000Z,['1473678696712179713'],"{'hashtags': [{'start': 126, 'end': 139, 'tag': 'DadosAbertos'}, {'start': 140, 'end': 155, 'tag': '10AnosDadosGov'}], 'urls': [{'start': 13, 'end': 36, 'url': 'https://t.co/kZ9U0AOxwF', 'expanded_url': 'https://www.dados.gov.pt', 'display_url': 'dados.gov.pt', 'status': 200, 'title': 'In√≠cio - dados.gov.pt - Portal de dados abertos da Administra√ß√£o P√∫blica', 'description': 'dados.gov.pt - Portal de dados abertos da Administra√ß√£o P√∫blica in√≠cio', 'unwound_url': 'https://dados.gov.pt/pt/'}, {'start': 156, 'end': 179, 'url': 'https://t.co/VcY4MN24E6', 'expanded_url': 'https://twitter.com/ama_gov_pt/status/1473678696712179713/photo/1', 'display_url': 'pic.twitter.com/VcY4MN24E6', 'media_key': '3_1473678596413734918'}]}",1473678696712179713,"{'retweet_count': 1, 'reply_count': 0, 'like_count': 2, 'quote_count': 0}",Twitter Web App,"Sabia que no https://t.co/kZ9U0AOxwF pode encontrar dados abertos de 127 organiza√ß√µes, num total de 4880 conjuntos de dados?

#DadosAbertos #10AnosDadosGov https://t.co/VcY4MN24E6"
1,133239343,2021-12-18T09:00:02.000Z,['1472129516684201985'],"{'mentions': [{'start': 45, 'end': 56, 'username': 'ama_gov_pt', 'id': '2657079979'}], 'urls': [{'start': 2, 'end': 25, 'url': 'https://t.co/RcI3vlxYlm', 'expanded_url': 'http://Arquivo.pt', 'display_url': 'Arquivo.pt', 'images': [{'url': 'https://pbs.twimg.com/news_img/1589694468395270145/J493epBL?format=png&name=orig', 'width': 512, 'height': 512}, {'url': 'https://pbs.twimg.com/news_img/1589694468395270145/J493epBL?format=png&name=150x150', 'width': 150, 'height': 150}], 'status': 200, 'title': 'Arquivo.pt - pesquise p√°ginas do passado!', 'description': 'O Arquivo.pt √© um servi√ßo sem fins lucrativos que preserva informa√ß√£o publicada na Web de interesse para a comunidade portuguesa. No Arquivo.pt pode pesquisar informa√ß√£o arquivada desde 1996.', 'unwound_url': 'https://arquivo.pt/'}, {'start': 142, 'end': 165, 'url': 'https://t.co/gGv1OOUqfM', 'expanded_url': 'https://arquivo.pt/dadosabertos', 'display_url': 'arquivo.pt/dadosabertos', 'status': 200, 'unwound_url': 'https://dados.gov.pt/pt/organizations/arquivo-pt-pesquise-paginas-do-passado/'}, {'start': 166, 'end': 189, 'url': 'https://t.co/nJP9WuHj51', 'expanded_url': 'https://twitter.com/ArquivoWeb_PT/status/1472129516684201985/photo/1', 'display_url': 'pic.twitter.com/nJP9WuHj51', 'media_key': '3_1466353842430349317'}]}",1472129516684201985,"{'retweet_count': 0, 'reply_count': 0, 'like_count': 2, 'quote_count': 0}",Twitter Web App,"O https://t.co/RcI3vlxYlm √© certificado pela @ama_gov_pt como servi√ßo p√∫blico fornecedor de dados abertos.

Consulte os sites preservados em: https://t.co/gGv1OOUqfM https://t.co/nJP9WuHj51"
2,2657079979,2021-12-16T17:47:26.000Z,['1471537465043390470'],"{'annotations': [{'start': 73, 'end': 74, 'probability': 0.4024, 'type': 'Organization', 'normalized_text': 'AP'}, {'start': 114, 'end': 121, 'probability': 0.8911, 'type': 'Place', 'normalized_text': 'Portugal'}, {'start': 134, 'end': 151, 'probability': 0.5512, 'type': 'Other', 'normalized_text': 'Open Data Maturity'}, {'start': 156, 'end': 157, 'probability': 0.8578, 'type': 'Place', 'normalized_text': 'EU'}], 'urls': [{'start': 19, 'end': 42, 'url': 'https://t.co/bzapiK98hI', 'expanded_url': 'http://www.dados.gov.pt', 'display_url': 'dados.gov.pt', 'status': 200, 'title': 'In√≠cio - dados.gov.pt - Portal de dados abertos da Administra√ß√£o P√∫blica', 'description': 'dados.gov.pt - Portal de dados abertos da Administra√ß√£o P√∫blica in√≠cio', 'unwound_url': 'https://dados.gov.pt/pt/'}, {'start': 242, 'end': 265, 'url': 'https://t.co/OsaAWwxbBF', 'expanded_url': 'https://bit.ly/3GQm4pw', 'display_url': 'bit.ly/3GQm4pw', 'images': [{'url': 'https://pbs.twimg.com/news_img/1589954092289646593/TL7F-4Hf?format=jpg&name=orig', 'width': 1306, 'height': 598}, {'url': 'https://pbs.twimg.com/news_img/1589954092289646593/TL7F-4Hf?format=jpg&name=150x150', 'width': 150, 'height': 150}], 'status': 200, 'title': 'AMA', 'description': 'O Centro de Atendimento Consular (CAC) para Fran√ßa alargou os seus s ervi√ßos assegurando o atendimento a todos os cidad√£os que necessitem de contactar e obter informa√ß√£o junto dos... O Centro de Atendimento Consular (CAC) para Fran√ßa alargou os seus servi√ßos assegurando o atendimento a todos os cidad√£os que necessitem de contactar e obter informa√ß√£o junto dos Consulados Gerais de Portugal em Paris, Lyon e Marselha. Dispon√≠vel atrav√©s do n√∫mero de telefone +(33) (0) 173011680 e do formul√°rio de contacto,', 'unwound_url': 'https://www.ama.gov.pt/web/agencia-para-a-modernizacao-administrativa/noticias2016#popup1550a5793-b3da-4106-b449-795ed234503c'}, {'start': 266, 'end': 289, 'url': 'https://t.co/hyTnI2PoCl', 'expanded_url': 'https://twitter.com/ama_gov_pt/status/1471537465043390470/photo/1', 'display_url': 'pic.twitter.com/hyTnI2PoCl', 'media_key': '3_1471536963614384136'}]}",1471537465043390470,"{'retweet_count': 1, 'reply_count': 0, 'like_count': 7, 'quote_count': 0}",Twitter Web App,"Parab√©ns ao portal https://t.co/bzapiK98hI! O Portal de Dados Abertos da AP ajudou na subida de cinco posi√ß√µes de Portugal no estudo ‚ÄúOpen Data Maturity in EU‚Äù avalia o n√≠vel de maturidade nas dimens√µes pol√≠tica, portal, impacto e qualidade.
https://t.co/OsaAWwxbBF https://t.co/hyTnI2PoCl"
3,2657079979,2021-11-24T16:57:43.000Z,['1463552421796495365'],"{'annotations': [{'start': 89, 'end': 109, 'probability': 0.532, 'type': 'Other', 'normalized_text': 'Administra√ß√£o P√∫blica'}], 'hashtags': [{'start': 137, 'end': 150, 'tag': 'DadosAbertos'}, {'start': 151, 'end': 166, 'tag': '10AnosDadosGov'}], 'urls': [{'start': 2, 'end': 25, 'url': 'https://t.co/nCjmnNZsPP', 'expanded_url': 'https://dados.gov.pt', 'display_url': 'dados.gov.pt', 'status': 200, 'title': 'In√≠cio - dados.gov.pt - Portal de dados abertos da Administra√ß√£o P√∫blica', 'description': 'dados.gov.pt - Portal de dados abertos da Administra√ß√£o P√∫blica in√≠cio', 'unwound_url': 'https://dados.gov.pt/pt/'}, {'start': 112, 'end': 135, 'url': 'https://t.co/B4G0zPT5wa', 'expanded_url': 'https://bit.ly/3HR0EtF', 'display_url': 'bit.ly/3HR0EtF', 'images': [{'url': 'https://pbs.twimg.com/news_img/1589954092289646593/TL7F-4Hf?format=jpg&name=orig', 'width': 1306, 'height': 598}, {'url': 'https://pbs.twimg.com/news_img/1589954092289646593/TL7F-4Hf?format=jpg&name=150x150', 'width': 150, 'height': 150}], 'status': 200, 'title': 'AMA', 'description': 'O Centro de Atendimento Consular (CAC) para Fran√ßa alargou os seus s ervi√ßos assegurando o atendimento a todos os cidad√£os que necessitem de contactar e obter informa√ß√£o junto dos... O Centro de Atendimento Consular (CAC) para Fran√ßa alargou os seus servi√ßos assegurando o atendimento a todos os cidad√£os que necessitem de contactar e obter informa√ß√£o junto dos Consulados Gerais de Portugal em Paris, Lyon e Marselha. Dispon√≠vel atrav√©s do n√∫mero de telefone +(33) (0) 173011680 e do formul√°rio de contacto,', 'unwound_url': 'https://www.ama.gov.pt/web/agencia-para-a-modernizacao-administrativa/noticias2016#popup14a191706-f157-41bc-8ac6-9439271db1ba'}, {'start': 167, 'end': 190, 'url': 'https://t.co/WPO32Ckdvj', 'expanded_url': 'https://twitter.com/ama_gov_pt/status/1463552421796495365/video/1', 'display_url': 'pic.twitter.com/WPO32Ckdvj', 'media_key': '7_1463551556528357384'}]}",1463552421796495365,"{'retweet_count': 4, 'reply_count': 0, 'like_count': 6, 'quote_count': 0}",Twitter Web App,"O https://t.co/nCjmnNZsPP est√° online h√° 10 anos! Parab√©ns ao portal de dados abertos da Administra√ß√£o P√∫blica: https://t.co/B4G0zPT5wa

#DadosAbertos #10AnosDadosGov https://t.co/WPO32Ckdvj"
4,163058890,2021-10-05T09:44:07.000Z,['1445323909780344833'],"{'annotations': [{'start': 51, 'end': 53, 'probability': 0.5098, 'type': 'Other', 'normalized_text': 'PRR'}], 'mentions': [{'start': 3, 'end': 11, 'username': 'Publico', 'id': '2561091'}], 'urls': [{'start': 95, 'end': 118, 'url': 'https://t.co/utJ8gyEkRZ', 'expanded_url': 'https://dados.gov.pt/pt/datasets/documentacao-do-prr/', 'display_url': 'dados.gov.pt/pt/datasets/do‚Ä¶'}, {'start': 119, 'end': 142, 'url': 'https://t.co/pfjRvELScQ', 'expanded_url': 'https://twitter.com/Joaohpr/status/1445323909780344833/photo/1', 'display_url': 'pic.twitter.com/pfjRvELScQ', 'media_key': '3_1445323907167293444'}]}",1445323909780344833,"{'retweet_count': 0, 'reply_count': 0, 'like_count': 1, 'quote_count': 0}",Twitter for Android,"Ao @Publico recomendo a leitura da componente 6 do PRR.
Aqui est√° o link e um pequeno excerto. https://t.co/utJ8gyEkRZ https://t.co/pfjRvELScQ"
5,133239343,2021-10-03T08:00:01.000Z,['1444572936082497538'],"{'annotations': [{'start': 40, 'end': 52, 'probability': 0.5564, 'type': 'Other', 'normalized_text': 'Dados Abertos'}, {'start': 129, 'end': 149, 'probability': 0.4406, 'type': 'Other', 'normalized_text': 'Administra√ß√£o P√∫blica'}], 'hashtags': [{'start': 2, 'end': 12, 'tag': 'arquivopt'}], 'mentions': [{'start': 80, 'end': 91, 'username': 'ama_gov_pt', 'id': '2657079979'}], 'urls': [{'start': 172, 'end': 195, 'url': 'https://t.co/RcI3vlgntO', 'expanded_url': 'http://Arquivo.pt', 'display_url': 'Arquivo.pt', 'images': [{'url': 'https://pbs.twimg.com/news_img/1589694468395270145/J493epBL?format=png&name=orig', 'width': 512, 'height': 512}, {'url': 'https://pbs.twimg.com/news_img/1589694468395270145/J493epBL?format=png&name=150x150', 'width': 150, 'height': 150}], 'status': 200, 'title': 'Arquivo.pt - pesquise p√°ginas do passado!', 'description': 'O Arquivo.pt √© um servi√ßo sem fins lucrativos que preserva informa√ß√£o publicada na Web de interesse para a comunidade portuguesa. No Arquivo.pt pode pesquisar informa√ß√£o arquivada desde 1996.', 'unwound_url': 'https://arquivo.pt/'}, {'start': 252, 'end': 275, 'url': 'https://t.co/z6c4MZSoIm', 'expanded_url': 'https://dados.gov.pt/pt/organizations/arquivo-pt-pesquise-paginas-do-passado/', 'display_url': 'dados.gov.pt/pt/organizatio‚Ä¶'}, {'start': 276, 'end': 299, 'url': 'https://t.co/5kNFSfwsKg', 'expanded_url': 'https://twitter.com/ArquivoWeb_PT/status/1444572936082497538/photo/1', 'display_url': 'pic.twitter.com/5kNFSfwsKg', 'media_key': '3_1443205912202727429'}]}",1444572936082497538,"{'retweet_count': 1, 'reply_count': 0, 'like_count': 5, 'quote_count': 0}",Twitter Web App,"O #arquivopt est√° presente no portal de Dados Abertos!

Nesta colabora√ß√£o com a @ama_gov_pt, encontra os Websites preservados da Administra√ß√£o P√∫blica.

Visite a p√°gina do https://t.co/RcI3vlgntO e aceda √† informa√ß√£o que disponibilizamos √† comunidade: https://t.co/z6c4MZSoIm https://t.co/5kNFSfwsKg"
6,10101522,2021-10-02T09:17:09.000Z,['1444229958801534986'],"{'mentions': [{'start': 3, 'end': 12, 'username': 'expresso', 'id': '8665852'}, {'start': 15, 'end': 21, 'username': 'govpt', 'id': '31237480'}], 'urls': [{'start': 115, 'end': 138, 'url': 'https://t.co/VBgdZIkdEa', 'expanded_url': 'http://dados.gov.pt', 'display_url': 'dados.gov.pt', 'status': 502, 'unwound_url': 'https://dados.gov.pt/'}]}",1444229958801534986,"{'retweet_count': 1, 'reply_count': 7, 'like_count': 56, 'quote_count': 0}",Twitter for Android,"Oh @expresso e @govpt n√£o se esque√ßam que o conjunto de dados do Base √© considerado Open data e est√° dispon√≠vel no https://t.co/VBgdZIkdEa

Se v√£o apagar de um lado convem apagarem em todos os lados.."
7,2657079979,2021-09-15T19:03:20.000Z,['1438216884588011522'],"{'annotations': [{'start': 191, 'end': 207, 'probability': 0.4421, 'type': 'Other', 'normalized_text': 'Diretiva Europeia'}], 'urls': [{'start': 9, 'end': 32, 'url': 'https://t.co/nCjmnNZsPP', 'expanded_url': 'https://dados.gov.pt', 'display_url': 'dados.gov.pt', 'status': 200, 'title': 'In√≠cio - dados.gov.pt - Portal de dados abertos da Administra√ß√£o P√∫blica', 'description': 'dados.gov.pt - Portal de dados abertos da Administra√ß√£o P√∫blica in√≠cio', 'unwound_url': 'https://dados.gov.pt/pt/'}, {'start': 240, 'end': 263, 'url': 'https://t.co/m7APyWvbwx', 'expanded_url': 'https://bit.ly/3zgLRmJ', 'display_url': 'bit.ly/3zgLRmJ'}, {'start': 264, 'end': 287, 'url': 'https://t.co/YJlv6UlNG4', 'expanded_url': 'https://twitter.com/ama_gov_pt/status/1438216884588011522/photo/1', 'display_url': 'pic.twitter.com/YJlv6UlNG4', 'media_key': '3_1438216879869472777'}]}",1438216884588011522,"{'retweet_count': 1, 'reply_count': 0, 'like_count': 5, 'quote_count': 0}",Twitter for Android,"O portal https://t.co/nCjmnNZsPP passou a ser juridicamente reconhecido como o cat√°logo central de dados abertos em üáµüáπ. A Lei n.¬∫ 68/2021, de 26/08, aprova os princ√≠pios gerais, transpondo a Diretiva Europeia 2019/1024 sobre dados abertos: https://t.co/m7APyWvbwx https://t.co/YJlv6UlNG4"
8,133239343,2021-09-01T14:00:00.000Z,['1433067117440475140'],"{'annotations': [{'start': 21, 'end': 33, 'probability': 0.5388, 'type': 'Other', 'normalized_text': 'Dados Abertos'}, {'start': 39, 'end': 47, 'probability': 0.4448, 'type': 'Other', 'normalized_text': 'arquivopt'}, {'start': 139, 'end': 159, 'probability': 0.4595, 'type': 'Other', 'normalized_text': 'Administra√ß√£o P√∫blica'}], 'hashtags': [{'start': 38, 'end': 48, 'tag': 'arquivopt'}], 'mentions': [{'start': 70, 'end': 81, 'username': 'ama_gov_pt', 'id': '2657079979'}], 'urls': [{'start': 182, 'end': 205, 'url': 'https://t.co/RcI3vlxYlm', 'expanded_url': 'http://Arquivo.pt', 'display_url': 'Arquivo.pt', 'images': [{'url': 'https://pbs.twimg.com/news_img/1589694468395270145/J493epBL?format=png&name=orig', 'width': 512, 'height': 512}, {'url': 'https://pbs.twimg.com/news_img/1589694468395270145/J493epBL?format=png&name=150x150', 'width': 150, 'height': 150}], 'status': 200, 'title': 'Arquivo.pt - pesquise p√°ginas do passado!', 'description': 'O Arquivo.pt √© um servi√ßo sem fins lucrativos que preserva informa√ß√£o publicada na Web de interesse para a comunidade portuguesa. No Arquivo.pt pode pesquisar informa√ß√£o arquivada desde 1996.', 'unwound_url': 'https://arquivo.pt/'}, {'start': 250, 'end': 273, 'url': 'https://t.co/nJFsQBuWcO', 'expanded_url': 'https://dados.gov.pt/.../arquivo-pt-pesquise-paginas-do.../', 'display_url': 'dados.gov.pt/.../arquivo-pt‚Ä¶'}, {'start': 274, 'end': 297, 'url': 'https://t.co/RJUMPOtZgO', 'expanded_url': 'https://twitter.com/ArquivoWeb_PT/status/1433067117440475140/photo/1', 'display_url': 'pic.twitter.com/RJUMPOtZgO', 'media_key': '3_1433056293854535681'}]}",1433067117440475140,"{'retweet_count': 4, 'reply_count': 2, 'like_count': 8, 'quote_count': 0}",Twitter Web App,"Estamos no portal de Dados Abertos!
O #arquivopt tem colaborado com a @ama_gov_pt com o objetivo de melhorar a preserva√ß√£o dos websites da Administra√ß√£o P√∫blica. 
Visite a p√°gina do https://t.co/RcI3vlxYlm e saiba o que partilhamos com a comunidade: https://t.co/nJFsQBuWcO https://t.co/RJUMPOtZgO"
9,4909734269,2021-08-04T14:14:20.000Z,['1422923863478968324'],"{'annotations': [{'start': 111, 'end': 142, 'probability': 0.4265, 'type': 'Other', 'normalized_text': 'Portuguese Public Administration'}], 'hashtags': [{'start': 212, 'end': 232, 'tag': 'WebArchiveWednesday'}], 'urls': [{'start': 25, 'end': 48, 'url': 'https://t.co/F1gZuLoDZR', 'expanded_url': 'http://Arquivo.pt', 'display_url': 'Arquivo.pt', 'images': [{'url': 'https://pbs.twimg.com/news_img/1589694468395270145/J493epBL?format=png&name=orig', 'width': 512, 'height': 512}, {'url': 'https://pbs.twimg.com/news_img/1589694468395270145/J493epBL?format=png&name=150x150', 'width': 150, 'height': 150}], 'status': 200, 'title': 'Arquivo.pt - pesquise p√°ginas do passado!', 'description': 'O Arquivo.pt √© um servi√ßo sem fins lucrativos que preserva informa√ß√£o publicada na Web de interesse para a comunidade portuguesa. No Arquivo.pt pode pesquisar informa√ß√£o arquivada desde 1996.', 'unwound_url': 'https://arquivo.pt/'}, {'start': 162, 'end': 185, 'url': 'https://t.co/caJSRelzJQ', 'expanded_url': 'http://dados.gov.pt', 'display_url': 'dados.gov.pt'}, {'start': 187, 'end': 210, 'url': 'https://t.co/RL6G5dpvdn', 'expanded_url': 'https://sobre.arquivo.pt/en/arquivo-pt-certified-as-an-open-data-provider/', 'display_url': 'sobre.arquivo.pt/en/arquivo-pt-‚Ä¶'}, {'start': 233, 'end': 256, 'url': 'https://t.co/2uka3M4HG4', 'expanded_url': 'https://twitter.com/ricardobasilio_/status/1422923863478968324/photo/1', 'display_url': 'pic.twitter.com/2uka3M4HG4', 'media_key': '3_1422922379769044993'}]}",1422923863478968324,"{'retweet_count': 0, 'reply_count': 0, 'like_count': 0, 'quote_count': 0}",Twitter Web App,"As Open as Possible! The https://t.co/F1gZuLoDZR has been certified with the seal of open data provider by the Portuguese Public Administration open data portal (https://t.co/caJSRelzJQ)
https://t.co/RL6G5dpvdn

#WebArchiveWednesday https://t.co/2uka3M4HG4"
10,28435623,2021-06-01T11:56:29.000Z,['1399696347494858754'],"{'urls': [{'start': 67, 'end': 90, 'url': 'https://t.co/0hjNTa0ohe', 'expanded_url': 'http://dados.gov.pt', 'display_url': 'dados.gov.pt', 'status': 200, 'title': 'In√≠cio - dados.gov.pt - Portal de dados abertos da Administra√ß√£o P√∫blica', 'description': 'dados.gov.pt - Portal de dados abertos da Administra√ß√£o P√∫blica in√≠cio', 'unwound_url': 'https://dados.gov.pt/pt/'}]}",1399696347494858754,"{'retweet_count': 1, 'reply_count': 0, 'like_count': 1, 'quote_count': 0}",Twitter for iPhone,Interessante o portal de dados abertos da administra√ß√£o p√∫blica em https://t.co/0hjNTa0ohe
11,133239343,2021-05-21T07:30:00.000Z,['1395643019177693187'],"{'annotations': [{'start': 107, 'end': 113, 'probability': 0.5115, 'type': 'Other', 'normalized_text': 'P√∫blica'}], 'hashtags': [{'start': 234, 'end': 244, 'tag': 'arquivopt'}], 'urls': [{'start': 11, 'end': 34, 'url': 'https://t.co/RcI3vlgntO', 'expanded_url': 'http://Arquivo.pt', 'display_url': 'Arquivo.pt', 'images': [{'url': 'https://pbs.twimg.com/news_img/1589694468395270145/J493epBL?format=png&name=orig', 'width': 512, 'height': 512}, {'url': 'https://pbs.twimg.com/news_img/1589694468395270145/J493epBL?format=png&name=150x150', 'width': 150, 'height': 150}], 'status': 200, 'title': 'Arquivo.pt - pesquise p√°ginas do passado!', 'description': 'O Arquivo.pt √© um servi√ßo sem fins lucrativos que preserva informa√ß√£o publicada na Web de interesse para a comunidade portuguesa. No Arquivo.pt pode pesquisar informa√ß√£o arquivada desde 1996.', 'unwound_url': 'https://arquivo.pt/'}, {'start': 246, 'end': 269, 'url': 'https://t.co/z6c4MZSoIm', 'expanded_url': 'https://dados.gov.pt/pt/organizations/arquivo-pt-pesquise-paginas-do-passado/', 'display_url': 'dados.gov.pt/pt/organizatio‚Ä¶'}, {'start': 270, 'end': 293, 'url': 'https://t.co/PeHZBPuBK7', 'expanded_url': 'https://twitter.com/ArquivoWeb_PT/status/1395643019177693187/photo/1', 'display_url': 'pic.twitter.com/PeHZBPuBK7', 'media_key': '3_1392860657234632704'}]}",1395643019177693187,"{'retweet_count': 0, 'reply_count': 0, 'like_count': 2, 'quote_count': 0}",Twitter Web App,"Encontre o https://t.co/RcI3vlgntO no Portal de Dados Abertos!

O Portal de Dados Abertos da Administra√ß√£o P√∫blica portuguesa, tem como fun√ß√£o agregar, referenciar e alojar dados abertos de diferentes organismos. 

Visite a p√°gina do #arquivopt: https://t.co/z6c4MZSoIm https://t.co/PeHZBPuBK7"
12,2657079979,2021-05-18T17:14:44.000Z,['1394703011251957763'],"{'urls': [{'start': 9, 'end': 32, 'url': 'https://t.co/bzapiK98hI', 'expanded_url': 'http://www.dados.gov.pt', 'display_url': 'dados.gov.pt', 'status': 200, 'title': 'In√≠cio - dados.gov.pt - Portal de dados abertos da Administra√ß√£o P√∫blica', 'description': 'dados.gov.pt - Portal de dados abertos da Administra√ß√£o P√∫blica in√≠cio', 'unwound_url': 'https://dados.gov.pt/pt/'}, {'start': 177, 'end': 200, 'url': 'https://t.co/lE3bh1xg5q', 'expanded_url': 'https://bit.ly/3frFZPD', 'display_url': 'bit.ly/3frFZPD'}, {'start': 201, 'end': 224, 'url': 'https://t.co/DW2jZ80jJ4', 'expanded_url': 'https://twitter.com/ama_gov_pt/status/1394703011251957763/photo/1', 'display_url': 'pic.twitter.com/DW2jZ80jJ4', 'media_key': '3_1394702927990755328'}]}",1394703011251957763,"{'retweet_count': 3, 'reply_count': 0, 'like_count': 9, 'quote_count': 1}",Twitter Web App,"Parab√©ns https://t.co/bzapiK98hI !
Faz hoje 3 anos que o portal nacional de dados abertos, se apresentou √† comunidade com uma nova vers√£o.

Toda a informa√ß√£o sobre este portal: https://t.co/lE3bh1xg5q https://t.co/DW2jZ80jJ4"
13,1090702731252244480,2021-05-11T22:46:23.000Z,['1392249758295728133'],"{'annotations': [{'start': 31, 'end': 33, 'probability': 0.4162, 'type': 'Organization', 'normalized_text': 'PRR'}, {'start': 55, 'end': 65, 'probability': 0.7185, 'type': 'Place', 'normalized_text': 'Santa Maria'}, {'start': 172, 'end': 192, 'probability': 0.4544, 'type': 'Other', 'normalized_text': 'Administra√ß√£o P√∫blica'}], 'urls': [{'start': 195, 'end': 218, 'url': 'https://t.co/WHY7R3AnEW', 'expanded_url': 'https://dados.gov.pt/pt/datasets/documentacao-do-prr/#_', 'display_url': 'dados.gov.pt/pt/datasets/do‚Ä¶'}, {'start': 219, 'end': 242, 'url': 'https://t.co/mc9DdIQpBO', 'expanded_url': 'https://twitter.com/SantaEspaco/status/1392249758295728133/photo/1', 'display_url': 'pic.twitter.com/mc9DdIQpBO', 'media_key': '3_1392249122065891334'}]}",1392249758295728133,"{'retweet_count': 0, 'reply_count': 0, 'like_count': 2, 'quote_count': 0}",Twitter Web App,"√önico investimento provindo do PRR destinado √† ilha de Santa Maria, conforme especificado na componente 07 - Infraestruturas, agora divulgado no Portal de dados abertos da Administra√ß√£o P√∫blica:
https://t.co/WHY7R3AnEW https://t.co/mc9DdIQpBO"
14,16127941,2021-05-04T09:55:49.000Z,['1389519124024467457'],"{'urls': [{'start': 48, 'end': 71, 'url': 'https://t.co/cPneYc3V2t', 'expanded_url': 'https://dados.gov.pt/pt/datasets/documentacao-do-prr/?utm_content=Todas%20as%20Palavras,%20sr.%20primeiro-ministro&utm_medium=newsletter&utm_campaign=d6a71fc4f4&utm_source=expresso-expressomatinal', 'display_url': 'dados.gov.pt/pt/datasets/do‚Ä¶', 'status': 200, 'unwound_url': 'https://dados.gov.pt/pt/datasets/documentacao-do-prr/?utm_content=Todas%20as%20Palavras,%20sr.%20primeiro-ministro&utm_medium=newsletter&utm_campaign=d6a71fc4f4&utm_source=expresso-expressomatinal'}]}",1389519124024467457,"{'retweet_count': 0, 'reply_count': 0, 'like_count': 0, 'quote_count': 0}",Twitter for iPhone,N√£o se escondeu nada nestas novas 1378 p√°ginas. https://t.co/cPneYc3V2t
15,1257671330285191168,2021-05-04T09:26:30.000Z,['1389511744104640513'],"{'urls': [{'start': 224, 'end': 247, 'url': 'https://t.co/QUMD7sjk3m', 'expanded_url': 'https://dados.gov.pt/pt/datasets/documentacao-do-prr/', 'display_url': 'dados.gov.pt/pt/datasets/do‚Ä¶'}, {'start': 248, 'end': 271, 'url': 'https://t.co/SDaTL7HZCp', 'expanded_url': 'https://twitter.com/GeralEconomia/status/1389511744104640513/photo/1', 'display_url': 'pic.twitter.com/SDaTL7HZCp', 'media_key': '3_1389511737695670275'}]}",1389511744104640513,"{'retweet_count': 0, 'reply_count': 0, 'like_count': 0, 'quote_count': 0}",Twitter Web App,"Encontra-se publicado no Portal de Dados Abertos, o Plano de Recupera√ß√£o e Resili√™ncia (PRR) que comporta um conjunto de documentos onde figuram as reformas estruturais fundamentais para assegurar a sa√≠da da crise pand√©mica https://t.co/QUMD7sjk3m https://t.co/SDaTL7HZCp"
16,974286172213170177,2021-05-04T06:55:00.000Z,['1389473618573332481'],"{'urls': [{'start': 0, 'end': 23, 'url': 'https://t.co/N6KbLuleVO', 'expanded_url': 'https://dados.gov.pt/pt/datasets/documentacao-do-prr/?utm_content=Todas%20as%20Palavras%2C%20sr.%20primeiro-ministro&utm_medium=newsletter&utm_campaign=d6a71fc4f4&utm_source=expresso-expressomatinal&fbclid=IwAR2tVIpJxHS0VIRChqUOBgl40dz5XR_HS__oufz6crgtgo6Q50gd1faoUZU', 'display_url': 'dados.gov.pt/pt/datasets/do‚Ä¶'}]}",1389473618573332481,"{'retweet_count': 0, 'reply_count': 0, 'like_count': 0, 'quote_count': 0}",Twitter Web App,https://t.co/N6KbLuleVO
17,4816540349,2021-05-03T22:04:33.000Z,['1389340128213143554'],"{'urls': [{'start': 19, 'end': 42, 'url': 'https://t.co/7hfgOwGCQc', 'expanded_url': 'https://dados.gov.pt/pt/datasets/documentacao-do-prr/', 'display_url': 'dados.gov.pt/pt/datasets/do‚Ä¶', 'status': 200, 'unwound_url': 'https://dados.gov.pt/pt/datasets/documentacao-do-prr/'}]}",1389340128213143554,"{'retweet_count': 5, 'reply_count': 7, 'like_count': 38, 'quote_count': 2}",Twitter for iPhone,Ha muito para ler  https://t.co/7hfgOwGCQc
18,1180071804993462272,2021-03-25T13:19:40.000Z,['1375074907139215363'],"{'annotations': [{'start': 0, 'end': 4, 'probability': 0.9369, 'type': 'Other', 'normalized_text': 'COVID'}, {'start': 43, 'end': 50, 'probability': 0.9387, 'type': 'Place', 'normalized_text': 'Portugal'}, {'start': 79, 'end': 86, 'probability': 0.4424, 'type': 'Other', 'normalized_text': 'OpenData'}, {'start': 90, 'end': 97, 'probability': 0.956, 'type': 'Place', 'normalized_text': 'Portugal'}], 'hashtags': [{'start': 78, 'end': 87, 'tag': 'OpenData'}, {'start': 89, 'end': 98, 'tag': 'Portugal'}], 'urls': [{'start': 17, 'end': 40, 'url': 'https://t.co/KmvFss6W45', 'expanded_url': 'http://dados.gov.pt', 'display_url': 'dados.gov.pt'}, {'start': 53, 'end': 76, 'url': 'https://t.co/7BwF9vxZ7q', 'expanded_url': 'https://dados.gov.pt/pt/reuses/covid-insights/', 'display_url': 'dados.gov.pt/pt/reuses/covi‚Ä¶', 'status': 200, 'unwound_url': 'https://dados.gov.pt/pt/reuses/covid-insights/'}]}",1375074907139215363,"{'retweet_count': 0, 'reply_count': 0, 'like_count': 0, 'quote_count': 0}",Twitter Web App,"COVID Insights - https://t.co/KmvFss6W45 - Portugal

https://t.co/7BwF9vxZ7q

#OpenData 
#Portugal"
19,2657079979,2021-03-17T17:32:43.000Z,['1372239488576020483'],"{'annotations': [{'start': 78, 'end': 79, 'probability': 0.9445, 'type': 'Place', 'normalized_text': 'UE'}], 'hashtags': [{'start': 228, 'end': 241, 'tag': 'DadosAbertos'}], 'urls': [{'start': 203, 'end': 226, 'url': 'https://t.co/bzapiK98hI', 'expanded_url': 'http://www.dados.gov.pt', 'display_url': 'dados.gov.pt', 'status': 200, 'title': 'In√≠cio - dados.gov.pt - Portal de dados abertos da Administra√ß√£o P√∫blica', 'description': 'dados.gov.pt - Portal de dados abertos da Administra√ß√£o P√∫blica in√≠cio', 'unwound_url': 'https://dados.gov.pt/pt/'}, {'start': 242, 'end': 265, 'url': 'https://t.co/QjfJqT1ONZ', 'expanded_url': 'https://twitter.com/ama_gov_pt/status/1372239488576020483/photo/1', 'display_url': 'pic.twitter.com/QjfJqT1ONZ', 'media_key': '3_1372239203434590208'}]}",1372239488576020483,"{'retweet_count': 2, 'reply_count': 0, 'like_count': 7, 'quote_count': 1}",Twitter Web App,"Dados abertos poupam tempo a cidad√£os, entidades e empresas. 
De acordo com a UE, a economia de dados equivale a cerca de 4% do seu PIB e dever√° quadruplicar at√© 2030. Saiba mais sobre dados abertos, em https://t.co/bzapiK98hI

#DadosAbertos https://t.co/QjfJqT1ONZ"
20,2657079979,2021-03-10T12:10:57.000Z,['1369621795448446980'],"{'annotations': [{'start': 37, 'end': 70, 'probability': 0.5846, 'type': 'Other', 'normalized_text': 'NOVA Information Management School'}, {'start': 138, 'end': 151, 'probability': 0.9452, 'type': 'Other', 'normalized_text': 'Covid Insights'}, {'start': 178, 'end': 185, 'probability': 0.9805, 'type': 'Other', 'normalized_text': 'Covid-19'}, {'start': 190, 'end': 197, 'probability': 0.9762, 'type': 'Place', 'normalized_text': 'Portugal'}, {'start': 237, 'end': 244, 'probability': 0.6277, 'type': 'Other', 'normalized_text': 'pandemia'}], 'mentions': [{'start': 2, 'end': 17, 'username': 'COTEC_Portugal', 'id': '753978667785658368'}], 'urls': [{'start': 110, 'end': 133, 'url': 'https://t.co/jzFPkFrumK', 'expanded_url': 'http://dados.gov.pt', 'display_url': 'dados.gov.pt', 'status': 502, 'unwound_url': 'https://dados.gov.pt/'}, {'start': 249, 'end': 272, 'url': 'https://t.co/9rmvJp6seb', 'expanded_url': 'https://bit.ly/3le51EB', 'display_url': 'bit.ly/3le51EB'}, {'start': 273, 'end': 296, 'url': 'https://t.co/GfdZpRmVLv', 'expanded_url': 'https://twitter.com/ama_gov_pt/status/1369621795448446980/photo/1', 'display_url': 'pic.twitter.com/GfdZpRmVLv', 'media_key': '3_1369621596202295296'}]}",1369621795448446980,"{'retweet_count': 0, 'reply_count': 0, 'like_count': 2, 'quote_count': 0}",Twitter Web App,"A @COTEC_Portugal, em parceria com a NOVA Information Management School, adicionaram uma nova reutiliza√ß√£o ao https://t.co/jzFPkFrumK . O Covid Insights apresenta  dados sobre a Covid-19 em Portugal e no mundo com m√∫ltiplas dimens√µes da pandemia: 
 https://t.co/9rmvJp6seb https://t.co/GfdZpRmVLv"
21,2657079979,2021-03-06T12:01:28.000Z,['1368169857439633411'],"{'annotations': [{'start': 19, 'end': 47, 'probability': 0.6785, 'type': 'Other', 'normalized_text': 'Dia Mundial dos Dados Abertos'}, {'start': 232, 'end': 238, 'probability': 0.4987, 'type': 'Other', 'normalized_text': 'P√∫blica'}], 'urls': [{'start': 163, 'end': 186, 'url': 'https://t.co/jzFPkFrumK', 'expanded_url': 'http://dados.gov.pt', 'display_url': 'dados.gov.pt', 'status': 502, 'unwound_url': 'https://dados.gov.pt/'}, {'start': 278, 'end': 301, 'url': 'https://t.co/yAsty9rCUd', 'expanded_url': 'https://twitter.com/ama_gov_pt/status/1368169857439633411/video/1', 'display_url': 'pic.twitter.com/yAsty9rCUd', 'media_key': '7_1368169798983647234'}]}",1368169857439633411,"{'retweet_count': 4, 'reply_count': 0, 'like_count': 9, 'quote_count': 1}",Twitter Web App,"Dia 6 de mar√ßo √© o Dia Mundial dos Dados Abertos. Informa√ß√£o que pode ser acedida, usada, modificada e partilhada pelos cidad√£os, sem qualquer restri√ß√£o. Consulte https://t.co/jzFPkFrumK - O portal de dados abertos da Administra√ß√£o P√∫blica, e saiba que dados est√£o dispon√≠veis. https://t.co/yAsty9rCUd"
22,2345075618,2020-11-09T23:12:48.000Z,['1325939425285705735'],"{'annotations': [{'start': 19, 'end': 20, 'probability': 0.3551, 'type': 'Other', 'normalized_text': 'IP'}], 'urls': [{'start': 66, 'end': 89, 'url': 'https://t.co/xLF8jed83O', 'expanded_url': 'http://dados.gov.pt', 'display_url': 'dados.gov.pt'}]}",1325939425285705735,"{'retweet_count': 0, 'reply_count': 1, 'like_count': 0, 'quote_count': 0}",Twitter Web App,Estou bu√© feliz. A IP meteu dados da ferrovia e rodovia no portal https://t.co/xLF8jed83O e agora pude fazer contas decentes com aquilo
23,1180071804993462272,2020-10-04T00:50:25.000Z,['1312555642599755778'],"{'hashtags': [{'start': 79, 'end': 88, 'tag': 'OpenData'}, {'start': 90, 'end': 99, 'tag': 'Portugal'}], 'urls': [{'start': 54, 'end': 77, 'url': 'https://t.co/tzLY5YHKJy', 'expanded_url': 'https://dados.gov.pt/pt/', 'display_url': 'dados.gov.pt/pt/'}]}",1312555642599755778,"{'retweet_count': 0, 'reply_count': 0, 'like_count': 3, 'quote_count': 0}",Twitter Web App,"Portuguese Public Administration‚Äôs open data portal.

https://t.co/tzLY5YHKJy

#OpenData 
#Portugal"
24,1180071804993462272,2020-07-15T12:39:01.000Z,['1283380546807226370'],"{'annotations': [{'start': 36, 'end': 43, 'probability': 0.9862, 'type': 'Place', 'normalized_text': 'Portugal'}], 'hashtags': [{'start': 72, 'end': 81, 'tag': 'opendata'}], 'urls': [{'start': 47, 'end': 70, 'url': 'https://t.co/pUt0NDQ645', 'expanded_url': 'https://dados.gov.pt/pt', 'display_url': 'dados.gov.pt/pt'}]}",1283380546807226370,"{'retweet_count': 0, 'reply_count': 0, 'like_count': 0, 'quote_count': 0}",Twitter Web App,"The central catalog of open data in Portugal.

https://t.co/pUt0NDQ645

#opendata"
25,2657079979,2020-07-07T19:11:11.000Z,['1280580138581790720'],"{'annotations': [{'start': 21, 'end': 28, 'probability': 0.961, 'type': 'Place', 'normalized_text': 'Portugal'}, {'start': 101, 'end': 108, 'probability': 0.9776, 'type': 'Place', 'normalized_text': 'Portugal'}], 'hashtags': [{'start': 191, 'end': 201, 'tag': 'EstamosOn'}, {'start': 202, 'end': 229, 'tag': 'Moderniza√ß√£oAdministrativa'}], 'mentions': [{'start': 174, 'end': 190, 'username': 'modernizacao_pt', 'id': '1184423274794672129'}], 'urls': [{'start': 38, 'end': 61, 'url': 'https://t.co/jzFPkFrumK', 'expanded_url': 'http://dados.gov.pt', 'display_url': 'dados.gov.pt', 'status': 502, 'unwound_url': 'https://dados.gov.pt/'}, {'start': 150, 'end': 173, 'url': 'https://t.co/bzapiK98hI', 'expanded_url': 'http://www.dados.gov.pt', 'display_url': 'dados.gov.pt', 'status': 200, 'title': 'In√≠cio - dados.gov.pt - Portal de dados abertos da Administra√ß√£o P√∫blica', 'description': 'dados.gov.pt - Portal de dados abertos da Administra√ß√£o P√∫blica in√≠cio', 'unwound_url': 'https://dados.gov.pt/pt/'}, {'start': 230, 'end': 253, 'url': 'https://t.co/3ItNUSZ12U', 'expanded_url': 'https://twitter.com/ama_gov_pt/status/1280580138581790720/photo/1', 'display_url': 'pic.twitter.com/3ItNUSZ12U', 'media_key': '3_1280580115513180161'}]}",1280580138581790720,"{'retweet_count': 5, 'reply_count': 0, 'like_count': 2, 'quote_count': 0}",Twitter for Android,"A Infraestruturas de Portugal est√° no https://t.co/jzFPkFrumK,o cat√°logo central de dados abertos em Portugal. Descubra todos os dados dispon√≠veis em https://t.co/bzapiK98hI
@modernizacao_pt
#EstamosOn #Moderniza√ß√£oAdministrativa https://t.co/3ItNUSZ12U"
26,216066274,2020-05-26T21:23:47.000Z,['1265393215257153539'],"{'annotations': [{'start': 106, 'end': 114, 'probability': 0.5609, 'type': 'Person', 'normalized_text': 'Guimar√£es'}], 'mentions': [{'start': 140, 'end': 156, 'username': 'modernizacao_pt', 'id': '1184423274794672129'}, {'start': 158, 'end': 168, 'username': 'coesao_pt', 'id': '1184422039110803457'}], 'urls': [{'start': 71, 'end': 94, 'url': 'https://t.co/DnEl5YU9X0', 'expanded_url': 'http://dados.gov.pt', 'display_url': 'dados.gov.pt'}]}",1265393215257153539,"{'retweet_count': 0, 'reply_count': 1, 'like_count': 0, 'quote_count': 0}",Twitter Web App,"Acabei de descobrir que o shapefile dos concelhos disponbilizados pelo https://t.co/DnEl5YU9X0 n√£o inclui Guimar√£es, por alguma raz√£o... ü§î

@modernizacao_pt, @coesao_pt , any thoughts?"
27,1184423274794672129,2020-05-14T16:04:05.000Z,['1260964108142292996'],"{'hashtags': [{'start': 257, 'end': 267, 'tag': 'EstamosOn'}], 'mentions': [{'start': 268, 'end': 279, 'username': 'ama_gov_pt', 'id': '2657079979'}], 'urls': [{'start': 126, 'end': 149, 'url': 'https://t.co/81q7GtJgYY', 'expanded_url': 'http://Dados.Gov', 'display_url': 'Dados.Gov'}, {'start': 151, 'end': 174, 'url': 'https://t.co/uMOb7uzOQP', 'expanded_url': 'https://dados.gov.pt/pt/', 'display_url': 'dados.gov.pt/pt/'}, {'start': 280, 'end': 303, 'url': 'https://t.co/7paBbJfDbK', 'expanded_url': 'https://twitter.com/modernizacao_pt/status/1260964108142292996/photo/1', 'display_url': 'pic.twitter.com/7paBbJfDbK', 'media_key': '3_1260961582902902787'}]}",1260964108142292996,"{'retweet_count': 2, 'reply_count': 0, 'like_count': 8, 'quote_count': 0}",Twitter Web App,"A SE da Inova√ß√£o salientou, no webinar ¬´Participa√ß√£o c√≠vica em tempos turbulentos¬ª, a import√¢ncia do projeto de dados abertos https://t.co/81q7GtJgYY (https://t.co/uMOb7uzOQP) para otimizar o ecossistema de dados da administra√ß√£o p√∫blica e a transpar√™ncia. #EstamosOn @ama_gov_pt https://t.co/7paBbJfDbK"
28,10101522,2020-04-28T18:52:39.000Z,['1255208322535473152'],"{'annotations': [{'start': 201, 'end': 203, 'probability': 0.716, 'type': 'Other', 'normalized_text': 'ELK'}], 'mentions': [{'start': 126, 'end': 139, 'username': 'ProjectPODER', 'id': '1139201272278466566'}], 'urls': [{'start': 14, 'end': 37, 'url': 'https://t.co/dR1SEs9eWM', 'expanded_url': 'http://base.gov.pt', 'display_url': 'base.gov.pt'}, {'start': 174, 'end': 197, 'url': 'https://t.co/ZfmQnmOyEJ', 'expanded_url': 'https://github.com/tomahock/ocds-kibana-manual', 'display_url': 'github.com/tomahock/ocds-‚Ä¶', 'status': 200, 'unwound_url': 'https://github.com/tomahock/ocds-kibana-manual'}, {'start': 254, 'end': 277, 'url': 'https://t.co/VBgdZIkdEa', 'expanded_url': 'http://dados.gov.pt', 'display_url': 'dados.gov.pt', 'status': 502, 'unwound_url': 'https://dados.gov.pt/'}]}",1255208322535473152,"{'retweet_count': 26, 'reply_count': 4, 'like_count': 103, 'quote_count': 6}",TweetDeck,"Queriam ter o https://t.co/dR1SEs9eWM r√°pido, de f√°cil pesquisa com sum, counts, etc etc?

Com a cortesia de c√≥digo aberto do @ProjectPODER com uns pequenos ajustes t√™m aqui https://t.co/ZfmQnmOyEJ um ELK stack para o fazerem com os dados disponiveis no https://t.co/VBgdZIkdEa"
29,10101522,2019-12-06T15:59:09.000Z,['1202980807469600768'],"{'urls': [{'start': 56, 'end': 79, 'url': 'https://t.co/dR1SEs9eWM', 'expanded_url': 'http://base.gov.pt', 'display_url': 'base.gov.pt'}, {'start': 83, 'end': 106, 'url': 'https://t.co/VBgdZIkdEa', 'expanded_url': 'http://dados.gov.pt', 'display_url': 'dados.gov.pt', 'status': 502, 'unwound_url': 'https://dados.gov.pt/'}]}",1202980807469600768,"{'retweet_count': 1, 'reply_count': 7, 'like_count': 18, 'quote_count': 0}",TweetDeck,Para quem ainda n√£o deu conta h√° um dump de Novembro do https://t.co/dR1SEs9eWM no https://t.co/VBgdZIkdEa
30,902289625,2019-10-12T16:04:15.000Z,['1183050757668589568'],"{'annotations': [{'start': 18, 'end': 29, 'probability': 0.7254, 'type': 'Other', 'normalized_text': 'DateWithData'}], 'hashtags': [{'start': 17, 'end': 30, 'tag': 'DateWithData'}], 'mentions': [{'start': 137, 'end': 152, 'username': 'CentralDeDados', 'id': '2669147869'}], 'urls': [{'start': 89, 'end': 112, 'url': 'https://t.co/Pk7KCgMek7', 'expanded_url': 'http://datewithdata.pt', 'display_url': 'datewithdata.pt', 'status': 200, 'unwound_url': 'https://datewithdata.pt/'}, {'start': 169, 'end': 192, 'url': 'https://t.co/lXO4ruUedE', 'expanded_url': 'http://Dados.gov.pt', 'display_url': 'Dados.gov.pt'}, {'start': 231, 'end': 254, 'url': 'https://t.co/NqfBECKz2i', 'expanded_url': 'https://github.com/transparenciahackday/dadosgov-notebooks', 'display_url': 'github.com/transparenciah‚Ä¶', 'status': 200, 'unwound_url': 'https://github.com/transparenciahackday/dadosgov-notebooks'}]}",1183050757668589568,"{'retweet_count': 4, 'reply_count': 0, 'like_count': 12, 'quote_count': 0}",Twitter Web App,"Agora a fechar o #DateWithData de hoje, que foi produtivo!

- inaugur√°mos o novo blog do https://t.co/Pk7KCgMek7
- renov√°mos o layout da @CentralDeDados 
- explor√°mos o https://t.co/lXO4ruUedE e come√ß√°mos a publicar uns notebooks: https://t.co/NqfBECKz2i"
31,22209447,2019-05-11T17:12:20.000Z,['1127260162505498627'],"{'urls': [{'start': 25, 'end': 48, 'url': 'https://t.co/iXIspKzepk', 'expanded_url': 'http://zpr.io/g3g4E', 'display_url': 'zpr.io/g3g4E'}]}",1127260162505498627,"{'retweet_count': 0, 'reply_count': 0, 'like_count': 0, 'quote_count': 0}",Zapier.com,"""Plantas das freguesias"" https://t.co/iXIspKzepk"
32,22209447,2019-05-11T16:13:39.000Z,['1127245394411433985'],"{'urls': [{'start': 25, 'end': 48, 'url': 'https://t.co/pKUhvAjaD7', 'expanded_url': 'http://zpr.io/g3ghZ', 'display_url': 'zpr.io/g3ghZ'}]}",1127245394411433985,"{'retweet_count': 0, 'reply_count': 0, 'like_count': 0, 'quote_count': 0}",Zapier.com,"""Plantas das freguesias"" https://t.co/pKUhvAjaD7"
33,3078052193,2018-12-06T08:49:50.000Z,['1070601194178052096'],"{'annotations': [{'start': 0, 'end': 7, 'probability': 0.5356, 'type': 'Organization', 'normalized_text': 'Geologia'}, {'start': 11, 'end': 36, 'probability': 0.5837, 'type': 'Place', 'normalized_text': 'Regi√£o Aut√≥noma dos A√ßores'}, {'start': 39, 'end': 41, 'probability': 0.4296, 'type': 'Place', 'normalized_text': 'RAA'}], 'urls': [{'start': 44, 'end': 67, 'url': 'https://t.co/3DX3ZXcC9A', 'expanded_url': 'https://dados.gov.pt/pt/datasets/geologia-regiao-autonoma-dos-acores-raa/', 'display_url': 'dados.gov.pt/pt/datasets/ge‚Ä¶'}]}",1070601194178052096,"{'retweet_count': 0, 'reply_count': 0, 'like_count': 0, 'quote_count': 0}",Twitter Web Client,Geologia - Regi√£o Aut√≥noma dos A√ßores (RAA)-https://t.co/3DX3ZXcC9A
34,112836789,2018-12-06T08:49:44.000Z,['1070601172258566144'],"{'annotations': [{'start': 0, 'end': 7, 'probability': 0.5356, 'type': 'Organization', 'normalized_text': 'Geologia'}, {'start': 11, 'end': 36, 'probability': 0.5837, 'type': 'Place', 'normalized_text': 'Regi√£o Aut√≥noma dos A√ßores'}, {'start': 39, 'end': 41, 'probability': 0.4296, 'type': 'Place', 'normalized_text': 'RAA'}], 'urls': [{'start': 44, 'end': 67, 'url': 'https://t.co/lLDm0ixlvA', 'expanded_url': 'https://dados.gov.pt/pt/datasets/geologia-regiao-autonoma-dos-acores-raa/', 'display_url': 'dados.gov.pt/pt/datasets/ge‚Ä¶'}]}",1070601172258566144,"{'retweet_count': 0, 'reply_count': 0, 'like_count': 0, 'quote_count': 0}",Twitter Web Client,Geologia - Regi√£o Aut√≥noma dos A√ßores (RAA)-https://t.co/lLDm0ixlvA
35,82350646,2018-05-29T20:28:09.000Z,['1001560851827101697'],"{'annotations': [{'start': 53, 'end': 73, 'probability': 0.5725, 'type': 'Other', 'normalized_text': 'Administra√ß√£o P√∫blica'}], 'urls': [{'start': 0, 'end': 23, 'url': 'https://t.co/WqDvCBKRzU', 'expanded_url': 'http://dados.gov.pt', 'display_url': 'dados.gov.pt'}, {'start': 75, 'end': 98, 'url': 'https://t.co/Zuomv4Kbcl', 'expanded_url': 'https://dados.gov.pt/pt/', 'display_url': 'dados.gov.pt/pt/'}]}",1001560851827101697,"{'retweet_count': 0, 'reply_count': 0, 'like_count': 0, 'quote_count': 0}",Hootsuite Inc.,https://t.co/WqDvCBKRzU - Portal de dados abertos da Administra√ß√£o P√∫blica https://t.co/Zuomv4Kbcl
36,2657079979,2018-05-28T13:10:20.000Z,['1001088281667305472'],"{'annotations': [{'start': 22, 'end': 42, 'probability': 0.6001, 'type': 'Other', 'normalized_text': 'Administra√ß√£o P√∫blica'}], 'urls': [{'start': 71, 'end': 94, 'url': 'https://t.co/jzFPkFrumK', 'expanded_url': 'http://dados.gov.pt', 'display_url': 'dados.gov.pt', 'status': 502, 'unwound_url': 'https://dados.gov.pt/'}, {'start': 95, 'end': 118, 'url': 'https://t.co/BehTG0dJV1', 'expanded_url': 'https://tek.sapo.pt/noticias/internet/artigos/mais-dados-abertos-da-administracao-publica-disponiveis-com-novo-portal#_swa_cname=tek_share&_swa_cmedium=web&_swa_csource=twitter&utm_source=twitter&utm_medium=web&utm_campaign=tek_share', 'display_url': 'tek.sapo.pt/noticias/inter‚Ä¶'}]}",1001088281667305472,"{'retweet_count': 1, 'reply_count': 0, 'like_count': 2, 'quote_count': 0}",Twitter Web Client,Mais dados abertos da Administra√ß√£o P√∫blica dispon√≠veis no novo portal https://t.co/jzFPkFrumK https://t.co/BehTG0dJV1
37,10704892,2018-05-16T14:59:16.000Z,['996767041163022338'],"{'hashtags': [{'start': 19, 'end': 28, 'tag': 'opendata'}], 'mentions': [{'start': 73, 'end': 84, 'username': 'datagouvfr', 'id': '268227446'}], 'urls': [{'start': 89, 'end': 112, 'url': 'https://t.co/dT5undQAQf', 'expanded_url': 'https://dados.gov.pt/pt/', 'display_url': 'dados.gov.pt/pt/'}]}",996767041163022338,"{'retweet_count': 5, 'reply_count': 1, 'like_count': 4, 'quote_count': 0}",Twitter for iPhone,"Le nouveau portail #opendata du Portugal est construit avec uData, comme @datagouvfr üáµüáπüöÄ https://t.co/dT5undQAQf"
38,19265059,2018-05-13T19:21:22.000Z,['995745839028080643'],"{'urls': [{'start': 65, 'end': 88, 'url': 'https://t.co/Lu4pffgG4U', 'expanded_url': 'http://dados.gov.pt/pt/datasets/corrupcaopj/', 'display_url': 'dados.gov.pt/pt/datasets/co‚Ä¶'}]}",995745839028080643,"{'retweet_count': 0, 'reply_count': 0, 'like_count': 0, 'quote_count': 0}",Facebook,"Transpar√™ncia...
L√° est√£o dados relevantes. Vai ter muitos mais. https://t.co/Lu4pffgG4U"
39,10101522,2018-05-11T17:08:42.000Z,['994987675810754560'],"{'annotations': [{'start': 35, 'end': 38, 'probability': 0.5023, 'type': 'Other', 'normalized_text': 'open'}, {'start': 115, 'end': 117, 'probability': 0.5286, 'type': 'Organization', 'normalized_text': 'INE'}], 'mentions': [{'start': 12, 'end': 23, 'username': 'ama_gov_pt', 'id': '2657079979'}], 'urls': [{'start': 54, 'end': 77, 'url': 'https://t.co/VBgdZIkdEa', 'expanded_url': 'http://dados.gov.pt', 'display_url': 'dados.gov.pt', 'status': 502, 'unwound_url': 'https://dados.gov.pt/'}]}",994987675810754560,"{'retweet_count': 10, 'reply_count': 4, 'like_count': 44, 'quote_count': 0}",TweetDeck,"Muito bem a @ama_gov_pt ao colocar open source o novo https://t.co/VBgdZIkdEa
Do porque que vi, t√™m scrappers para INE, agencia do ambiente e outras coisas giras que podem ser reaproveitados por outras pessoas! 

Muito bem!"
40,902289625,2018-05-11T15:43:22.000Z,['994966199535591424'],"{'mentions': [{'start': 32, 'end': 38, 'username': 'govpt', 'id': '31237480'}], 'urls': [{'start': 40, 'end': 63, 'url': 'https://t.co/X90CmoDs6C', 'expanded_url': 'https://dados.gov.pt', 'display_url': 'dados.gov.pt'}, {'start': 94, 'end': 117, 'url': 'https://t.co/pVsSLXuhpR', 'expanded_url': 'https://github.com/amagovpt/gouvpt', 'display_url': 'github.com/amagovpt/gouvpt'}, {'start': 137, 'end': 160, 'url': 'https://t.co/9D44N04bkm', 'expanded_url': 'http://dadosabertos.pt', 'display_url': 'dadosabertos.pt', 'unwound_url': 'http://dadosabertos.pt'}, {'start': 179, 'end': 202, 'url': 'https://t.co/6lTAWqx8kn', 'expanded_url': 'https://twitter.com/thackdaypt/status/994966199535591424/photo/1', 'display_url': 'pic.twitter.com/6lTAWqx8kn', 'media_key': '3_994965744407457792'}]}",994966199535591424,"{'retweet_count': 18, 'reply_count': 0, 'like_count': 28, 'quote_count': 2}",TweetDeck,"Novo portal de dados abertos do @govpt:
https://t.co/X90CmoDs6C

At√© com algum c√≥digo-aberto:
https://t.co/pVsSLXuhpR

J√° actualizamos o https://t.co/9D44N04bkm com o novo logo üòâ https://t.co/6lTAWqx8kn"
41,10047202,2017-11-13T17:50:38.000Z,['930130798564511744'],"{'annotations': [{'start': 22, 'end': 29, 'probability': 0.9807, 'type': 'Place', 'normalized_text': 'Portugal'}, {'start': 196, 'end': 207, 'probability': 0.6966, 'type': 'Other', 'normalized_text': 'Yes Minister'}], 'mentions': [{'start': 85, 'end': 94, 'username': 'Dadosgov', 'id': '338936982'}], 'urls': [{'start': 96, 'end': 119, 'url': 'https://t.co/boPLSZqdiM', 'expanded_url': 'http://www.dados.gov.pt', 'display_url': 'dados.gov.pt'}]}",930130798564511744,"{'retweet_count': 1, 'reply_count': 0, 'like_count': 4, 'quote_count': 0}",Twitter Web Client,"Trabalha com dados em Portugal e quer uma depress√£o instant√¢nea? V√° j√° ao portal dos @Dadosgov: https://t.co/boPLSZqdiM. (Faz lembrar aquele epis√≥dio sobre o hospital que funciona sem doentes no ""Yes Minister"")."
