0,313308546,2020-04-01T09:16:59.000Z,['1245278977742327808'],"{'urls': [{'start': 138, 'end': 161, 'url': 'https://t.co/rxJRtgowd1', 'expanded_url': 'http://oppnadata.se', 'display_url': 'oppnadata.se', 'unwound_url': 'http://oppnadata.se'}, {'start': 190, 'end': 213, 'url': 'https://t.co/lielD8bwtS', 'expanded_url': 'http://dataportal.se', 'display_url': 'dataportal.se', 'images': [{'url': 'https://pbs.twimg.com/news_img/1531301788791750656/ES83v6_j?format=png&name=orig', 'width': 150, 'height': 150}, {'url': 'https://pbs.twimg.com/news_img/1531301788791750656/ES83v6_j?format=png&name=150x150', 'width': 150, 'height': 150}], 'status': 200, 'title': 'Sveriges dataportal', 'description': 'Sveriges nationella dataportal f√∂r att hitta, utforska och anv√§nda data fr√•n offentlig och privat sektor', 'unwound_url': 'https://www.dataportal.se/'}, {'start': 217, 'end': 240, 'url': 'https://t.co/BjdHJ4YmVY', 'expanded_url': 'https://entryscape.com/sv/2020/03/valkommen-scb-idag-bli-sveriges-dataportal-tre-ganger-sa-stor/', 'display_url': 'entryscape.com/sv/2020/03/val‚Ä¶', 'status': 200, 'unwound_url': 'https://entryscape.com/sv/2020/03/valkommen-scb-idag-bli-sveriges-dataportal-tre-ganger-sa-stor/'}], 'hashtags': [{'start': 242, 'end': 251, 'tag': 'opendata'}, {'start': 252, 'end': 263, 'tag': 'entryscape'}, {'start': 264, 'end': 276, 'tag': 'DataScience'}], 'mentions': [{'start': 93, 'end': 105, 'username': 'StatsSweden', 'id': '41311025'}], 'annotations': [{'start': 72, 'end': 89, 'probability': 0.8484, 'type': 'Other', 'normalized_text': 'Entryscape Catalog'}]}",1245278977742327808,"{'retweet_count': 3, 'reply_count': 0, 'like_count': 3, 'quote_count': 0}",TweetDeck,"We are more than happy to announce our new customer and publisher using Entryscape Catalog - @StatsSweden
This means 3980 new datasets on https://t.co/rxJRtgowd1 and the new national portal https://t.co/lielD8bwtS. 

https://t.co/BjdHJ4YmVY

#opendata #entryscape #DataScience"
1,799290529922121728,2020-03-29T22:58:53.000Z,['1244398652438786048'],"{'urls': [{'start': 225, 'end': 248, 'url': 'https://t.co/WOSVv2dH8s', 'expanded_url': 'https://energiportalregionuppsala.se/', 'display_url': 'energiportalregionuppsala.se'}, {'start': 253, 'end': 276, 'url': 'https://t.co/KwAUgLlgwI', 'expanded_url': 'http://oppnadata.se', 'display_url': 'oppnadata.se'}, {'start': 277, 'end': 300, 'url': 'https://t.co/JsD49eyuf3', 'expanded_url': 'https://twitter.com/FredBjork4u/status/1244398652438786048/photo/1', 'display_url': 'pic.twitter.com/JsD49eyuf3', 'media_key': '3_1244398157569679360'}, {'start': 277, 'end': 300, 'url': 'https://t.co/JsD49eyuf3', 'expanded_url': 'https://twitter.com/FredBjork4u/status/1244398652438786048/photo/1', 'display_url': 'pic.twitter.com/JsD49eyuf3', 'media_key': '3_1244398619085733894'}], 'annotations': [{'start': 48, 'end': 52, 'probability': 0.6223, 'type': 'Other', 'normalized_text': 'STUNS'}]}",1244398652438786048,"{'retweet_count': 2, 'reply_count': 2, 'like_count': 2, 'quote_count': 0}",Twitter Web App,"Wrapping up the 4y project I was hired to do on STUNS (aongst alot more) and feel quite some pride in the results - open high resolution data from solar power plants, the site and the team that did it - Thanks All!
Check out https://t.co/WOSVv2dH8s and https://t.co/KwAUgLlgwI https://t.co/JsD49eyuf3"
2,313308546,2020-02-18T13:02:50.000Z,['1229753139814961153'],"{'urls': [{'start': 147, 'end': 170, 'url': 'https://t.co/CV0my92h0j', 'expanded_url': 'https://oppnadata.se/datamangder/#esc_keyword=Konsumentverket', 'display_url': 'oppnadata.se/datamangder/#e‚Ä¶', 'images': [{'url': 'https://pbs.twimg.com/news_img/1531301788791750656/ES83v6_j?format=png&name=orig', 'width': 150, 'height': 150}, {'url': 'https://pbs.twimg.com/news_img/1531301788791750656/ES83v6_j?format=png&name=150x150', 'width': 150, 'height': 150}], 'status': 200, 'title': 'Sveriges dataportal', 'description': 'Sveriges nationella dataportal f√∂r att hitta, utforska och anv√§nda data fr√•n offentlig och privat sektor', 'unwound_url': 'https://www.dataportal.se/'}, {'start': 213, 'end': 236, 'url': 'https://t.co/yID6Sbwq3S', 'expanded_url': 'https://entryscape.com/en/products/catalog/', 'display_url': 'entryscape.com/en/products/ca‚Ä¶', 'status': 200, 'unwound_url': 'https://entryscape.com/en/products/catalog/'}], 'hashtags': [{'start': 239, 'end': 248, 'tag': 'opendata'}, {'start': 249, 'end': 259, 'tag': 'oppnadata'}, {'start': 260, 'end': 271, 'tag': 'opensource'}], 'mentions': [{'start': 13, 'end': 29, 'username': 'Konsumentverket', 'id': '76308097'}], 'annotations': [{'start': 250, 'end': 258, 'probability': 0.3964, 'type': 'Other', 'normalized_text': 'oppnadata'}]}",1229753139814961153,"{'retweet_count': 0, 'reply_count': 0, 'like_count': 2, 'quote_count': 0}",TweetDeck,"Our customer @Konsumentverket has published several interesting datasets containing consumer-related data.

Check out the all the datasets here: 

https://t.co/CV0my92h0j. 

Start to publish your data today with: https://t.co/yID6Sbwq3S 

#opendata #oppnadata #opensource"
3,313308546,2019-12-20T12:53:42.000Z,['1208007569131917314'],"{'urls': [{'start': 257, 'end': 280, 'url': 'https://t.co/JzkGky19ht', 'expanded_url': 'https://oppnadata.se/datamangd/#esc_entry=1919&esc_context=574', 'display_url': 'oppnadata.se/datamangd/#esc‚Ä¶', 'unwound_url': 'https://oppnadata.se/datamangd/#esc_entry=1919&esc_context=574'}], 'mentions': [{'start': 75, 'end': 85, 'username': 'gavlestad', 'id': '1964533796'}]}",1208007569131917314,"{'retweet_count': 0, 'reply_count': 0, 'like_count': 3, 'quote_count': 0}",TweetDeck,"4 dagar kvar till jul och idag √§r nog den sista arbetsdagen f√∂r oss flesta.@gavlestad kunde inte haft b√§ttre timing med att publicera pulkabackar som ett dataset, kommer n√•gon att utveckla en app f√∂r stressade f√∂r√§ldrar som ska ta barnen till pulkabacken? 
https://t.co/JzkGky19ht"
4,313308546,2019-12-20T12:44:29.000Z,['1208005246821322753'],"{'urls': [{'start': 257, 'end': 280, 'url': 'https://t.co/JzkGky19ht', 'expanded_url': 'https://oppnadata.se/datamangd/#esc_entry=1919&esc_context=574', 'display_url': 'oppnadata.se/datamangd/#esc‚Ä¶', 'unwound_url': 'https://oppnadata.se/datamangd/#esc_entry=1919&esc_context=574'}], 'mentions': [{'start': 92, 'end': 102, 'username': 'gavlestad', 'id': '1964533796'}], 'annotations': [{'start': 144, 'end': 151, 'probability': 0.5002, 'type': 'Other', 'normalized_text': 'toboggan'}]}",1208005246821322753,"{'retweet_count': 4, 'reply_count': 0, 'like_count': 6, 'quote_count': 0}",TweetDeck,"Less than 5 days until Christmas and today is probably the last day of work for most of us. @gavlestad couldn‚Äôt have better timing publishing a toboggan hills dataset, will someone build an app for all parents taking the kids out sledding? Explore the data https://t.co/JzkGky19ht"
5,790245838756933632,2019-12-19T14:47:00.000Z,['1207673693607989248'],"{'urls': [{'start': 115, 'end': 138, 'url': 'https://t.co/ieGeLL3XQu', 'expanded_url': 'https://buff.ly/2PVmOky', 'display_url': 'buff.ly/2PVmOky', 'images': [{'url': 'https://pbs.twimg.com/news_img/1531301788791750656/ES83v6_j?format=png&name=orig', 'width': 150, 'height': 150}, {'url': 'https://pbs.twimg.com/news_img/1531301788791750656/ES83v6_j?format=png&name=150x150', 'width': 150, 'height': 150}], 'status': 200, 'title': 'Sveriges dataportal', 'description': 'Sveriges nationella dataportal f√∂r att hitta, utforska och anv√§nda data fr√•n offentlig och privat sektor', 'unwound_url': 'https://www.dataportal.se/'}]}",1207673693607989248,"{'retweet_count': 0, 'reply_count': 0, 'like_count': 0, 'quote_count': 0}",Buffer,"""RT oppnadata_psi: Sverige dataportal f√•r nytt namn och ny grafisk profil. Samtidigt blir det en ny webbadress, d√• https://t.co/ieGeLL3XQu‚Ä¶"" /DIGG_Sverige"
6,790245838756933632,2019-12-18T07:30:00.000Z,['1207201332169519105'],"{'urls': [{'start': 115, 'end': 138, 'url': 'https://t.co/zMGU6KJ7Fl', 'expanded_url': 'http://oppnadata.se', 'display_url': 'oppnadata.se'}]}",1207201332169519105,"{'retweet_count': 0, 'reply_count': 0, 'like_count': 0, 'quote_count': 0}",Zapier.com,"""RT oppnadata_psi: Sverige dataportal f√•r nytt namn och ny grafisk profil. Samtidigt blir det en ny webbadress, d√• https://t.co/zMGU6KJ7Fl‚Ä¶""  /DIGG_Sverige"
7,849262502051540992,2019-12-17T15:52:07.000Z,['1206965303021846528'],"{'urls': [{'start': 96, 'end': 119, 'url': 'https://t.co/Uo0UdV87vV', 'expanded_url': 'http://oppnadata.se', 'display_url': 'oppnadata.se', 'unwound_url': 'https://oppnadata.se/'}, {'start': 130, 'end': 153, 'url': 'https://t.co/dQSz84nJpT', 'expanded_url': 'http://dataportal.se', 'display_url': 'dataportal.se'}, {'start': 245, 'end': 268, 'url': 'https://t.co/sV2JZPAnSw', 'expanded_url': 'https://lnkd.in/dcdc-55', 'display_url': 'lnkd.in/dcdc-55'}]}",1206965303021846528,"{'retweet_count': 11, 'reply_count': 0, 'like_count': 16, 'quote_count': 0}",Twitter for iPhone,"Sverige dataportal f√•r nytt namn och ny grafisk profil. Samtidigt blir det en ny webbadress, d√• https://t.co/Uo0UdV87vV byts till https://t.co/dQSz84nJpT. Betaversionen lanseras redan nu, men funktionaliteten kommer utvecklas l√∂pande.

L√§s mer:
https://t.co/sV2JZPAnSw"
8,35182901,2019-11-27T05:16:39.000Z,['1199557625945436161'],"{'urls': [{'start': 223, 'end': 246, 'url': 'https://t.co/LVfrbGtGKH', 'expanded_url': 'https://oppnadata.se/2019/11/26/sa-far-sverige-en-battre-plats-i-ourdata-index/', 'display_url': 'oppnadata.se/2019/11/26/sa-‚Ä¶'}, {'start': 256, 'end': 279, 'url': 'https://t.co/i0QOFF1M5c', 'expanded_url': 'https://www.oecd.org/gov/digital-government/open-government-data.htm', 'display_url': 'oecd.org/gov/digital-go‚Ä¶'}, {'start': 280, 'end': 303, 'url': 'https://t.co/Bf2hYch2Lv', 'expanded_url': 'https://twitter.com/kimhak/status/1199557625945436161/photo/1', 'display_url': 'pic.twitter.com/Bf2hYch2Lv', 'media_key': '3_1199557624179675137'}]}",1199557625945436161,"{'retweet_count': 11, 'reply_count': 4, 'like_count': 35, 'quote_count': 2}",Buffer,P√• den nationella dataportalen f√∂r *√∂ppna* data och PSI finns ett nytt blogginl√§gg om Sveriges bottenplacering i OECD:s index. Inl√§gget √§r *l√∂senordsskyddat*. √Ñr det statsf√∂rvaltningens pinsamhetssekretess som slagit till? https://t.co/LVfrbGtGKH Se √§ven: https://t.co/i0QOFF1M5c https://t.co/Bf2hYch2Lv
9,840256990198824961,2019-05-23T08:31:03.000Z,['1131477630488842241'],"{'urls': [{'start': 71, 'end': 94, 'url': 'https://t.co/VywouhLfqy', 'expanded_url': 'https://oppnadata.se/', 'display_url': 'oppnadata.se'}], 'hashtags': [{'start': 16, 'end': 21, 'tag': 'DIGG'}]}",1131477630488842241,"{'retweet_count': 0, 'reply_count': 0, 'like_count': 0, 'quote_count': 0}",Twitter for iPhone,"N√§r man bes√∂ker #DIGG i Sundsvall s√• f√•r man bra tips, h√§r kommer ett:
https://t.co/VywouhLfqy"
10,2316819788,2019-04-04T17:10:43.000Z,['1113851404974809089'],"{'urls': [{'start': 68, 'end': 91, 'url': 'https://t.co/O3gorPEq6F', 'expanded_url': 'http://bit.ly/2UuyqiO', 'display_url': 'bit.ly/2UuyqiO'}, {'start': 92, 'end': 115, 'url': 'https://t.co/PeGNPjsr2m', 'expanded_url': 'https://twitter.com/fk_media/status/1113851404974809089/photo/1', 'display_url': 'pic.twitter.com/PeGNPjsr2m', 'media_key': '3_1113851398691655680'}], 'hashtags': [{'start': 8, 'end': 22, 'tag': 'hackforsweden'}]}",1113851404974809089,"{'retweet_count': 4, 'reply_count': 0, 'like_count': 6, 'quote_count': 0}",Twitter for iPhone,Nu drar #hackforsweden ig√•ng! Hitta F√∂rs√§kringskassans dataset h√§r: https://t.co/O3gorPEq6F https://t.co/PeGNPjsr2m
11,8769542,2019-04-02T18:39:10.000Z,['1113148885944467462'],"{'urls': [{'start': 143, 'end': 166, 'url': 'https://t.co/tpVTysyhb4', 'expanded_url': 'https://oppnadata.se/', 'display_url': 'oppnadata.se', 'unwound_url': 'https://oppnadata.se/'}], 'hashtags': [{'start': 167, 'end': 177, 'tag': '√∂ppnadata'}, {'start': 178, 'end': 186, 'tag': 'opengov'}, {'start': 187, 'end': 197, 'tag': 'oppnadata'}], 'mentions': [{'start': 75, 'end': 88, 'username': 'DIGG_Sverige', 'id': '951540713564536833'}], 'annotations': [{'start': 168, 'end': 176, 'probability': 0.3825, 'type': 'Other', 'normalized_text': '√∂ppnadata'}]}",1113148885944467462,"{'retweet_count': 4, 'reply_count': 0, 'like_count': 5, 'quote_count': 0}",Twitter Web App,Do you have suggestions for improvement of the Swedish open data portal by @DIGG_Sverige ? Check out the current survey to provide your input: https://t.co/tpVTysyhb4 #√∂ppnadata #opengov #oppnadata
12,2485130236,2019-03-20T08:44:52.000Z,['1108288285758111744'],"{'urls': [{'start': 80, 'end': 103, 'url': 'https://t.co/pDv0Iyvnve', 'expanded_url': 'http://xn--ppnadata-m4a.se', 'display_url': '√∂ppnadata.se'}, {'start': 228, 'end': 251, 'url': 'https://t.co/b8W6Dr86IN', 'expanded_url': 'https://twitter.com/AnnFannyMolin/status/1108288285758111744/video/1', 'display_url': 'pic.twitter.com/b8W6Dr86IN', 'media_key': '7_1108288217638490112'}], 'mentions': [{'start': 137, 'end': 153, 'username': 'MetaSolutionsAB', 'id': '313308546'}, {'start': 154, 'end': 167, 'username': 'DIGG_Sverige', 'id': '951540713564536833'}, {'start': 168, 'end': 184, 'username': 'socialstyrelsen', 'id': '125694993'}, {'start': 185, 'end': 201, 'username': 'Vetenskapsradet', 'id': '91302733'}, {'start': 202, 'end': 214, 'username': 'riksarkivet', 'id': '1191685522109976576'}, {'start': 215, 'end': 227, 'username': 'SCB_nyheter', 'id': '22117644'}]}",1108288285758111744,"{'retweet_count': 2, 'reply_count': 0, 'like_count': 10, 'quote_count': 0}",Twitter for iPhone,‚ö±Ô∏è√ñppna data √§r det nya guldet idag! Kolla in de nya datasets som kommit upp p√• https://t.co/pDv0Iyvnve lagom till Hack for Sweden 2019! @MetaSolutionsAB @DIGG_Sverige @socialstyrelsen @Vetenskapsradet @Riksarkivet @SCB_nyheter https://t.co/b8W6Dr86IN
13,2289359430,2019-03-19T20:16:28.000Z,['1108099943917649921'],"{'urls': [{'start': 177, 'end': 200, 'url': 'https://t.co/QBEwY9uyJM', 'expanded_url': 'https://oppnadata.se/', 'display_url': 'oppnadata.se'}, {'start': 264, 'end': 287, 'url': 'https://t.co/1TpA3siNEg', 'expanded_url': 'https://twitter.com/HackForSweden/status/1108099943917649921/video/1', 'display_url': 'pic.twitter.com/1TpA3siNEg', 'media_key': '7_1108099575427072002'}]}",1108099943917649921,"{'retweet_count': 6, 'reply_count': 0, 'like_count': 10, 'quote_count': 1}",Twitter Web Client,"√ñppna data √§r det nya guldet idag! Nyfiken p√• vad det kommer finnas f√∂r √∂ppna data att jobba med p√• Hack for Sweden 2019? Flera nya datasets har publicerats nyligen!
L√§s mer p√• https://t.co/QBEwY9uyJM

We believe in open data and open source - for an open society https://t.co/1TpA3siNEg"
14,2289359430,2019-02-13T17:04:27.000Z,['1095730434766385152'],"{'urls': [{'start': 177, 'end': 200, 'url': 'https://t.co/uREBrNcomg', 'expanded_url': 'http://xn--ppnadata-m4a.se', 'display_url': '√∂ppnadata.se'}, {'start': 274, 'end': 297, 'url': 'https://t.co/7fuENzkVP6', 'expanded_url': 'https://twitter.com/HackForSweden/status/1095730434766385152/photo/1', 'display_url': 'pic.twitter.com/7fuENzkVP6', 'media_key': '3_1095728726732529665'}]}",1095730434766385152,"{'retweet_count': 4, 'reply_count': 0, 'like_count': 3, 'quote_count': 2}",Twitter Web Client,"Kom ig√•ng inf√∂r √•rets Hack for Sweden! Under en heldagsutbildning ledd av DIGG &amp; Metasolutions f√•r du den kunskap du beh√∂ver f√∂r att ha gjort dina f√∂rsta publiceringarna p√• https://t.co/uREBrNcomg under dagen.

Kontakta oss p√• carolina@hackforsweden.se f√∂r inbjudan! üíåüìÆ https://t.co/7fuENzkVP6"
15,395392225,2018-10-24T04:44:55.000Z,['1054956883843444738'],"{'urls': [{'start': 103, 'end': 126, 'url': 'https://t.co/FXSw3VFWwQ', 'expanded_url': 'https://oppnadata.se/datamangder/#esc_org=https%3A%2F%2Fcatalog.sodertalje.se%2Fstore%2F1%2Fresource%2F1', 'display_url': 'oppnadata.se/datamangder/#e‚Ä¶'}], 'hashtags': [{'start': 7, 'end': 18, 'tag': 'S√∂dert√§lje'}, {'start': 41, 'end': 51, 'tag': 'oppendata'}, {'start': 79, 'end': 86, 'tag': 'change'}, {'start': 87, 'end': 102, 'tag': 'digitalisering'}]}",1054956883843444738,"{'retweet_count': 2, 'reply_count': 1, 'like_count': 2, 'quote_count': 0}",Twitter for iPhone,Nu har #S√∂dert√§lje publicerat sin f√∂rsta #oppendata p√• det nationella portalen #change #digitalisering https://t.co/FXSw3VFWwQ
16,26197174,2018-09-04T13:44:25.000Z,['1036973259525431296'],"{'urls': [{'start': 177, 'end': 200, 'url': 'https://t.co/s3TbUcqNV8', 'expanded_url': 'http://xn--ppnadata-m4a.se', 'display_url': '√∂ppnadata.se'}, {'start': 211, 'end': 234, 'url': 'https://t.co/tcUCP4WFU9', 'expanded_url': 'https://registrera.oppnadata.se/', 'display_url': 'registrera.oppnadata.se'}], 'hashtags': [{'start': 235, 'end': 245, 'tag': 'oppnadata'}, {'start': 246, 'end': 255, 'tag': 'opendata'}], 'mentions': [{'start': 41, 'end': 56, 'username': 'tekniskaverken', 'id': '32994281'}]}",1036973259525431296,"{'retweet_count': 0, 'reply_count': 0, 'like_count': 1, 'quote_count': 0}",Twitter Web Client,"S√•g att ni hade flera fina √∂ppna dataset @tekniskaverken - super! üëè - tror kanske att ni √§r enda energif√∂retaget i Sverige som har det (√§n s√• l√§nge)!
 
Ni publicerar v√§l dem p√• https://t.co/s3TbUcqNV8 ocks√• va? https://t.co/tcUCP4WFU9 #oppnadata #opendata"
17,737325425949446144,2018-06-29T06:08:01.000Z,['1012578413746556929'],"{'urls': [{'start': 1, 'end': 24, 'url': 'https://t.co/DL0uMaYO2x', 'expanded_url': 'http://TheHerdLocker.com', 'display_url': 'TheHerdLocker.com'}, {'start': 99, 'end': 122, 'url': 'https://t.co/tDT5G3wciV', 'expanded_url': 'https://oppnadata.se/2018/06/28/riksarkivet-har-lamnat-slutrapport-over-regeringsuppdraget-kring-oppna-data-till-regeringen/', 'display_url': 'oppnadata.se/2018/06/28/rik‚Ä¶'}], 'hashtags': [{'start': 56, 'end': 65, 'tag': 'openData'}], 'annotations': [{'start': 34, 'end': 40, 'probability': 0.9834, 'type': 'Other', 'normalized_text': 'Twitter'}, {'start': 57, 'end': 64, 'probability': 0.6713, 'type': 'Other', 'normalized_text': 'openData'}]}",1012578413746556929,"{'retweet_count': 0, 'reply_count': 0, 'like_count': 0, 'quote_count': 0}",Buffer,üëçhttps://t.co/DL0uMaYO2x surfaces Twitter's most shared #openData content. Have you seen this yet? https://t.co/tDT5G3wciV
18,4046658072,2018-06-28T22:09:11.000Z,['1012457913288417280'],"{'urls': [{'start': 127, 'end': 150, 'url': 'https://t.co/5MgmRzxw2e', 'expanded_url': 'https://goo.gl/xoQaHx', 'display_url': 'goo.gl/xoQaHx'}]}",1012457913288417280,"{'retweet_count': 0, 'reply_count': 0, 'like_count': 0, 'quote_count': 0}",ContentStudio.io,"Hack for Sweden ‚Äì inspiration, engagemang och motivation till mer √∂ppna data! ‚Äì Den nationella portalen f√∂r √∂ppna data och PSI https://t.co/5MgmRzxw2e"
19,849262502051540992,2018-06-28T11:42:38.000Z,['1012300237619200000'],"{'urls': [{'start': 92, 'end': 115, 'url': 'https://t.co/39vYedfzAz', 'expanded_url': 'https://oppnadata.se/2018/06/28/riksarkivet-har-lamnat-slutrapport-over-regeringsuppdraget-kring-oppna-data-till-regeringen/', 'display_url': 'oppnadata.se/2018/06/28/rik‚Ä¶', 'unwound_url': 'https://oppnadata.se/2018/06/28/riksarkivet-har-lamnat-slutrapport-over-regeringsuppdraget-kring-oppna-data-till-regeringen/'}], 'hashtags': [{'start': 116, 'end': 125, 'tag': 'opendata'}, {'start': 126, 'end': 136, 'tag': '√∂ppnadata'}]}",1012300237619200000,"{'retweet_count': 15, 'reply_count': 1, 'like_count': 14, 'quote_count': 0}",Twitter for iPhone,Riksarkivet har l√§mnat slutrapport √∂ver regeringsuppdraget kring √∂ppna data till regeringen https://t.co/39vYedfzAz #opendata #√∂ppnadata
20,849262502051540992,2018-06-28T11:03:32.000Z,['1012290396028882945'],"{'urls': [{'start': 73, 'end': 96, 'url': 'https://t.co/vmUnEWn1Bh', 'expanded_url': 'https://oppnadata.se/2018/06/28/mer-om-rekommendationen-och-den-svenska-anpassningen-av-dcat-ap/', 'display_url': 'oppnadata.se/2018/06/28/mer‚Ä¶', 'unwound_url': 'https://oppnadata.se/2018/06/28/mer-om-rekommendationen-och-den-svenska-anpassningen-av-dcat-ap/'}], 'hashtags': [{'start': 97, 'end': 106, 'tag': 'opendata'}, {'start': 107, 'end': 117, 'tag': '√∂ppnadata'}, {'start': 118, 'end': 125, 'tag': 'dcatap'}]}",1012290396028882945,"{'retweet_count': 1, 'reply_count': 0, 'like_count': 3, 'quote_count': 0}",Twitter for iPhone,Ny bloggpost om Rekommendationen och den svenska anpassningen av DCAT-AP https://t.co/vmUnEWn1Bh #opendata #√∂ppnadata #dcatap
21,849262502051540992,2018-06-20T15:12:37.000Z,['1009453976708878336'],"{'urls': [{'start': 90, 'end': 113, 'url': 'https://t.co/YE7tMTdZOB', 'expanded_url': 'https://oppnadata.se/2018/06/20/nu-finns-en-rekommendation-och-en-svensk-anpassning-av-metadataspecifikationen-dcat-ap/', 'display_url': 'oppnadata.se/2018/06/20/nu-‚Ä¶', 'unwound_url': 'https://oppnadata.se/2018/06/20/nu-finns-en-rekommendation-och-en-svensk-anpassning-av-metadataspecifikationen-dcat-ap/'}]}",1009453976708878336,"{'retweet_count': 3, 'reply_count': 0, 'like_count': 4, 'quote_count': 3}",Twitter Web App,Nu har vi publicerat en rekommendation och anpassning av metadataspecifikationen DCAT-AP: https://t.co/YE7tMTdZOB
22,75066066,2018-06-20T14:22:55.000Z,['1009441470158340097'],"{'urls': [{'start': 159, 'end': 182, 'url': 'https://t.co/P2Ixbv6GIZ', 'expanded_url': 'http://oppnadata.se', 'display_url': 'oppnadata.se'}, {'start': 257, 'end': 280, 'url': 'https://t.co/iAgz3fKZhj', 'expanded_url': 'https://oppnadata.se/2018/06/20/nu-finns-en-rekommendation-och-en-svensk-anpassning-av-metadataspecifikationen-dcat-ap/', 'display_url': 'oppnadata.se/2018/06/20/nu-‚Ä¶'}], 'hashtags': [{'start': 0, 'end': 10, 'tag': '√∂ppnadata'}], 'mentions': [{'start': 94, 'end': 106, 'username': 'riksarkivet', 'id': '1191685522109976576'}]}",1009441470158340097,"{'retweet_count': 0, 'reply_count': 0, 'like_count': 2, 'quote_count': 0}",Twitter Web Client,#√∂ppnadata En svensk anpassning av metadataspecifikationen DCAT-AP har tagits fram av SIS och @Riksarkivet . Den ska anv√§ndas i Sveriges nationella dataportal https://t.co/P2Ixbv6GIZ f√∂r att koppla samman f√∂rteckningar √∂ver data med publicerade datam√§ngder https://t.co/iAgz3fKZhj
23,64015230,2018-06-15T17:08:12.000Z,['1007671124434604032'],"{'urls': [{'start': 97, 'end': 120, 'url': 'https://t.co/7G19v1JCr9', 'expanded_url': 'https://ift.tt/2JMHJlj', 'display_url': 'ift.tt/2JMHJlj'}]}",1007671124434604032,"{'retweet_count': 0, 'reply_count': 0, 'like_count': 0, 'quote_count': 0}",IFTTT,EU-kommissionens f√∂rslag till nytt PSI-direktiv ‚Äì Den nationella portalen f√∂r √∂ppna data och PSI https://t.co/7G19v1JCr9
24,849262502051540992,2018-06-13T12:55:45.000Z,['1006882820038578176'],"{'urls': [{'start': 32, 'end': 55, 'url': 'https://t.co/zyMTdVVhlV', 'expanded_url': 'https://oppnadata.se/2018/06/12/eu-kommissionens-forslag-till-nytt-psi-direkti/', 'display_url': 'oppnadata.se/2018/06/12/eu-‚Ä¶', 'images': [{'url': 'https://pbs.twimg.com/news_img/1531301788791750656/ES83v6_j?format=png&name=orig', 'width': 150, 'height': 150}, {'url': 'https://pbs.twimg.com/news_img/1531301788791750656/ES83v6_j?format=png&name=150x150', 'width': 150, 'height': 150}], 'status': 200, 'title': 'Sveriges dataportal', 'description': 'Sveriges nationella dataportal f√∂r att hitta, utforska och anv√§nda data fr√•n offentlig och privat sektor', 'unwound_url': 'https://www.dataportal.se/'}]}",1006882820038578176,"{'retweet_count': 6, 'reply_count': 0, 'like_count': 6, 'quote_count': 1}",Twitter Web Client,F√∂rslag till nytt PSI-direktiv: https://t.co/zyMTdVVhlV
25,849262502051540992,2018-06-01T06:51:10.000Z,['1002442412902486016'],"{'urls': [{'start': 105, 'end': 128, 'url': 'https://t.co/gs0qGq5wZz', 'expanded_url': 'https://oppnadata.se/2018/05/31/rekommendation-om-bestandiga-identifierare-publicerad/', 'display_url': 'oppnadata.se/2018/05/31/rek‚Ä¶', 'unwound_url': 'https://oppnadata.se/2018/05/31/rekommendation-om-bestandiga-identifierare-publicerad/'}]}",1002442412902486016,"{'retweet_count': 4, 'reply_count': 1, 'like_count': 8, 'quote_count': 0}",Twitter Web Client,Nu har vi publicerat en rekommendation om best√§ndiga identifierare. Tack till alla som deltog i arbetet! https://t.co/gs0qGq5wZz
26,907916172611477504,2018-05-08T11:18:09.000Z,['993812291140440064'],"{'urls': [{'start': 60, 'end': 83, 'url': 'https://t.co/l95HSbnNyF', 'expanded_url': 'https://oppnadata.se/', 'display_url': 'oppnadata.se'}], 'hashtags': [{'start': 84, 'end': 99, 'tag': 'forskningsdata'}]}",993812291140440064,"{'retweet_count': 0, 'reply_count': 0, 'like_count': 0, 'quote_count': 0}",Twitter Web Client,Tillg√•ng till √∂ppna data √§r sp√§nnande! Har du sett den h√§r? https://t.co/l95HSbnNyF #forskningsdata
27,974160728134471680,2018-04-20T17:21:24.000Z,['987380726176927746'],"{'urls': [{'start': 256, 'end': 279, 'url': 'https://t.co/6L2c1CrzjH', 'expanded_url': 'https://oppnadata.se/datamangder/#esc_org=https%3A%2F%2Ffree.entryscape.com%2Fstore%2F190%2Fresource%2F1', 'display_url': 'oppnadata.se/datamangder/#e‚Ä¶', 'unwound_url': 'https://oppnadata.se/datamangder/#esc_org=https%3A%2F%2Ffree.entryscape.com%2Fstore%2F190%2Fresource%2F1'}], 'hashtags': [{'start': 226, 'end': 235, 'tag': 'hack4swe'}, {'start': 236, 'end': 255, 'tag': 'b√§ttresent√§naldrig'}]}",987380726176927746,"{'retweet_count': 10, 'reply_count': 0, 'like_count': 24, 'quote_count': 0}",Twitter for iPhone,Nu har vi √§ntligen aktiverat och dokumenterat v√•ra riktiga √∂ppna API:er efter noggranna tester. Vi hoppas att de bidrar till datadriven innovation kring polisens aktuella h√§ndelser och polisstationers tj√§nster och √∂ppettider! #hack4swe #b√§ttresent√§naldrig https://t.co/6L2c1CrzjH
28,849262502051540992,2018-04-14T09:31:25.000Z,['985088124198977536'],"{'urls': [{'start': 30, 'end': 53, 'url': 'https://t.co/R7t2i6YtLs', 'expanded_url': 'https://oppnadata.se/oppna-standarder/', 'display_url': 'oppnadata.se/oppna-standard‚Ä¶', 'unwound_url': 'https://oppnadata.se/oppna-standarder/'}, {'start': 115, 'end': 138, 'url': 'https://t.co/QDCCKP9BX2', 'expanded_url': 'https://theodi.org/article/announcing-the-open-standards-for-data-guidebook/', 'display_url': 'theodi.org/article/announ‚Ä¶', 'status': 200, 'unwound_url': 'https://theodi.org/article/announcing-the-open-standards-for-data-guidebook/'}], 'hashtags': [{'start': 139, 'end': 149, 'tag': 'oppnadata'}, {'start': 150, 'end': 159, 'tag': 'opendata'}]}",985088124198977536,"{'retweet_count': 3, 'reply_count': 0, 'like_count': 1, 'quote_count': 1}",Twitter Web Client,Nu har vi uppdaterat v√•r sida https://t.co/R7t2i6YtLs med l√§nken till Open Data Institutes guidebok f√∂r √∂ppna data https://t.co/QDCCKP9BX2 #oppnadata #opendata
29,757552500,2018-04-13T19:00:59.000Z,['984869074101592065'],"{'urls': [{'start': 128, 'end': 151, 'url': 'https://t.co/iCQS5nP50s', 'expanded_url': 'http://www.oppnadata.se', 'display_url': 'oppnadata.se'}], 'hashtags': [{'start': 29, 'end': 38, 'tag': 'hack4swe'}], 'annotations': [{'start': 30, 'end': 37, 'probability': 0.8073, 'type': 'Other', 'normalized_text': 'hack4swe'}, {'start': 71, 'end': 76, 'probability': 0.6005, 'type': 'Organization', 'normalized_text': 'google'}]}",984869074101592065,"{'retweet_count': 2, 'reply_count': 0, 'like_count': 10, 'quote_count': 1}",Twitter for iPhone,Attention all fab hackers at #hack4swe! Remember that you have a whole google drive of extended challenges to explore. Then use https://t.co/iCQS5nP50s to dive into the datasets! Good luck and kick ass!
30,313308546,2018-04-13T14:24:40.000Z,['984799533057142785'],"{'urls': [{'start': 71, 'end': 94, 'url': 'https://t.co/3zOQM6GQvs', 'expanded_url': 'http://xn--ppnadata-m4a.se', 'display_url': '√∂ppnadata.se'}, {'start': 176, 'end': 199, 'url': 'https://t.co/qI0CjR0H3A', 'expanded_url': 'https://bit.ly/2qwF2vV', 'display_url': 'bit.ly/2qwF2vV'}, {'start': 248, 'end': 271, 'url': 'https://t.co/PhTYeKbsEv', 'expanded_url': 'https://twitter.com/MetaSolutionsAB/status/984799533057142785/photo/1', 'display_url': 'pic.twitter.com/PhTYeKbsEv', 'media_key': '3_984799462294999040'}], 'hashtags': [{'start': 200, 'end': 214, 'tag': 'hackforsweden'}, {'start': 216, 'end': 225, 'tag': 'hack4swe'}, {'start': 227, 'end': 237, 'tag': 'oppnadata'}, {'start': 238, 'end': 247, 'tag': 'opendata'}]}",984799533057142785,"{'retweet_count': 4, 'reply_count': 0, 'like_count': 5, 'quote_count': 0}",TweetDeck,"Sveriges st√∂rsta hack, Hack for Sweden, g√•r av stapeln i helgen och p√• https://t.co/3zOQM6GQvs syns nu flera nya publicister och m√•nga nya datam√§ngder. Kul tycker vi! L√§s mer: https://t.co/qI0CjR0H3A #hackforsweden, #hack4swe, #oppnadata #opendata https://t.co/PhTYeKbsEv"
31,974160728134471680,2018-04-12T18:35:18.000Z,['984500222003990528'],"{'urls': [{'start': 223, 'end': 246, 'url': 'https://t.co/6L2c1CrzjH', 'expanded_url': 'https://oppnadata.se/datamangder/#esc_org=https%3A%2F%2Ffree.entryscape.com%2Fstore%2F190%2Fresource%2F1', 'display_url': 'oppnadata.se/datamangder/#e‚Ä¶', 'unwound_url': 'https://oppnadata.se/datamangder/#esc_org=https%3A%2F%2Ffree.entryscape.com%2Fstore%2F190%2Fresource%2F1'}], 'hashtags': [{'start': 247, 'end': 257, 'tag': '√∂ppnadata'}, {'start': 258, 'end': 267, 'tag': 'hack4swe'}, {'start': 268, 'end': 277, 'tag': 'OpenData'}], 'mentions': [{'start': 28, 'end': 42, 'username': 'HackForSweden', 'id': '2289359430'}]}",984500222003990528,"{'retweet_count': 11, 'reply_count': 2, 'like_count': 31, 'quote_count': 2}",Twitter for iPhone,Den 13-15 april deltar vi i @HackForSweden f√∂r att fr√§mja datadriven innovation och 48h hackathon med 30 myndigheters √∂ppna data! I sista minuten har vi nu lanserat polisens nya √∂ppna API:er p√• den nationella dataportalen: https://t.co/6L2c1CrzjH #√∂ppnadata #hack4swe #OpenData
32,120418926,2018-04-09T10:05:13.000Z,['983284692609916929'],"{'urls': [{'start': 120, 'end': 143, 'url': 'https://t.co/Fitju2RAy9', 'expanded_url': 'http://oppnadata.se', 'display_url': 'oppnadata.se'}, {'start': 156, 'end': 179, 'url': 'https://t.co/tgloo8utGd', 'expanded_url': 'https://twitter.com/smllmp/status/983284692609916929/photo/1', 'display_url': 'pic.twitter.com/tgloo8utGd', 'media_key': '3_983284645897875456'}], 'hashtags': [{'start': 103, 'end': 114, 'tag': 'linkeddata'}, {'start': 146, 'end': 155, 'tag': 'ldsv2018'}], 'mentions': [{'start': 29, 'end': 44, 'username': 'naturvardsverk', 'id': '397274022'}], 'annotations': [{'start': 0, 'end': 14, 'probability': 0.4423, 'type': 'Other', 'normalized_text': 'Ulrika Domellof'}, {'start': 16, 'end': 22, 'probability': 0.3799, 'type': 'Person', 'normalized_text': 'Mattson'}, {'start': 104, 'end': 113, 'probability': 0.6123, 'type': 'Other', 'normalized_text': 'linkeddata'}]}",983284692609916929,"{'retweet_count': 0, 'reply_count': 0, 'like_count': 0, 'quote_count': 0}",Twitter for Android,Ulrika Domellof-Mattson from @naturvardsverk about making decisions documents and reports available as #linkeddata (via https://t.co/Fitju2RAy9). #ldsv2018 https://t.co/tgloo8utGd
33,539690020,2018-04-06T15:12:50.000Z,['982274940731879425'],"{'urls': [{'start': 46, 'end': 69, 'url': 'https://t.co/BK4ZU7n36E', 'expanded_url': 'https://oppnadata.se/2018/04/04/vad-star-egentligen-psi-for/', 'display_url': 'oppnadata.se/2018/04/04/vad‚Ä¶'}], 'hashtags': [{'start': 0, 'end': 10, 'tag': '√∂ppnadata'}, {'start': 11, 'end': 24, 'tag': 'definitioner'}, {'start': 25, 'end': 39, 'tag': 'terminologier'}, {'start': 40, 'end': 44, 'tag': 'PSI'}]}",982274940731879425,"{'retweet_count': 0, 'reply_count': 0, 'like_count': 0, 'quote_count': 0}",Twitter for Android,"#√∂ppnadata #definitioner #terminologier #PSI 
https://t.co/BK4ZU7n36E"
34,849262502051540992,2018-04-04T18:00:40.000Z,['981592402786947074'],"{'urls': [{'start': 83, 'end': 106, 'url': 'https://t.co/RTarDcdNvb', 'expanded_url': 'https://oppnadata.se/definitioner/', 'display_url': 'oppnadata.se/definitioner/'}]}",981592402786947074,"{'retweet_count': 3, 'reply_count': 0, 'like_count': 1, 'quote_count': 0}",Twitter Web Client,"Vad st√•r egentligen ""PSI"" f√∂r? L√§s om det och om andra begrepp i v√•ra definitioner https://t.co/RTarDcdNvb"
35,3942101,2018-03-25T12:04:03.000Z,['977878779241680896'],"{'urls': [{'start': 49, 'end': 72, 'url': 'https://t.co/jhZJqm1234', 'expanded_url': 'https://oppnadata.se/2018/03/19/over-600-fler-datamangder-i-nationella-portalen/', 'display_url': 'oppnadata.se/2018/03/19/ove‚Ä¶'}], 'hashtags': [{'start': 73, 'end': 83, 'tag': '√∂ppnadata'}]}",977878779241680896,"{'retweet_count': 4, 'reply_count': 0, 'like_count': 3, 'quote_count': 0}",Buffer,√ñver 600 fler datam√§ngder i nationella portalen: https://t.co/jhZJqm1234 #√∂ppnadata
36,737325425949446144,2018-03-21T17:32:05.000Z,['976511780200558592'],"{'urls': [{'start': 1, 'end': 24, 'url': 'https://t.co/DL0uMaYO2x', 'expanded_url': 'http://TheHerdLocker.com', 'display_url': 'TheHerdLocker.com'}, {'start': 99, 'end': 122, 'url': 'https://t.co/fFC2EIBW7c', 'expanded_url': 'https://oppnadata.se/2018/03/19/over-600-fler-datamangder-i-nationella-portalen/', 'display_url': 'oppnadata.se/2018/03/19/ove‚Ä¶'}], 'hashtags': [{'start': 56, 'end': 65, 'tag': 'openData'}], 'annotations': [{'start': 34, 'end': 40, 'probability': 0.9834, 'type': 'Other', 'normalized_text': 'Twitter'}, {'start': 57, 'end': 64, 'probability': 0.6713, 'type': 'Other', 'normalized_text': 'openData'}]}",976511780200558592,"{'retweet_count': 0, 'reply_count': 0, 'like_count': 0, 'quote_count': 0}",Buffer,üëçhttps://t.co/DL0uMaYO2x surfaces Twitter's most shared #openData content. Have you seen this yet? https://t.co/fFC2EIBW7c
37,849262502051540992,2018-03-20T13:02:19.000Z,['976081501203894273'],"{'urls': [{'start': 53, 'end': 76, 'url': 'https://t.co/BLS1TOtn9O', 'expanded_url': 'https://oppnadata.se/2018/03/19/over-600-fler-datamangder-i-nationella-portalen/', 'display_url': 'oppnadata.se/2018/03/19/ove‚Ä¶'}], 'hashtags': [{'start': 77, 'end': 87, 'tag': '√∂ppnadata'}, {'start': 88, 'end': 97, 'tag': 'opendata'}, {'start': 98, 'end': 116, 'tag': 'digitalgovernment'}]}",976081501203894273,"{'retweet_count': 7, 'reply_count': 0, 'like_count': 10, 'quote_count': 0}",Twitter Web Client,√ñver 600 fler datam√§ngder i nationella dataportalen: https://t.co/BLS1TOtn9O #√∂ppnadata #opendata #digitalgovernment
38,539690020,2018-03-19T18:20:43.000Z,['975799242466975744'],"{'urls': [{'start': 85, 'end': 108, 'url': 'https://t.co/nbvN0r1ZT3', 'expanded_url': 'https://oppnadata.se/2018/03/19/over-600-fler-datamangder-i-nationella-portalen/', 'display_url': 'oppnadata.se/2018/03/19/ove‚Ä¶'}], 'hashtags': [{'start': 64, 'end': 74, 'tag': '√∂ppnadata'}, {'start': 75, 'end': 84, 'tag': 'opendata'}]}",975799242466975744,"{'retweet_count': 10, 'reply_count': 0, 'like_count': 13, 'quote_count': 0}",Twitter for Android,"√ñver 600 fler datam√§ngder i nationella portalen f√∂r √∂ppna data. #√∂ppnadata #opendata
https://t.co/nbvN0r1ZT3"
39,313308546,2018-03-07T11:36:00.000Z,['971348736256479232'],"{'urls': [{'start': 1, 'end': 24, 'url': 'https://t.co/0am8zPgwAf', 'expanded_url': 'http://ppnadata.se', 'display_url': 'ppnadata.se'}, {'start': 61, 'end': 84, 'url': 'https://t.co/G3R8fM3zRn', 'expanded_url': 'http://bit.ly/2oWlbFA', 'display_url': 'bit.ly/2oWlbFA'}, {'start': 85, 'end': 108, 'url': 'https://t.co/5WzSIHgkt0', 'expanded_url': 'https://twitter.com/MetaSolutionsAB/status/971348736256479232/photo/1', 'display_url': 'pic.twitter.com/5WzSIHgkt0', 'media_key': '3_971348640936742913'}]}",971348736256479232,"{'retweet_count': 1, 'reply_count': 0, 'like_count': 0, 'quote_count': 0}",TweetDeck,√ñhttps://t.co/0am8zPgwAf f√•r hederspris i IDGs Topp 100 2018 https://t.co/G3R8fM3zRn https://t.co/5WzSIHgkt0
40,557803352,2018-03-07T11:22:36.000Z,['971345366070251521'],"{'urls': [{'start': 1, 'end': 24, 'url': 'https://t.co/JyLw4gDX9T', 'expanded_url': 'http://ppnadata.se', 'display_url': 'ppnadata.se'}, {'start': 61, 'end': 84, 'url': 'https://t.co/uRqASsasLn', 'expanded_url': 'http://bit.ly/2oWlbFA', 'display_url': 'bit.ly/2oWlbFA'}]}",971345366070251521,"{'retweet_count': 0, 'reply_count': 0, 'like_count': 0, 'quote_count': 0}",Sharpspring,"√ñhttps://t.co/JyLw4gDX9T f√•r hederspris i IDGs Topp 100 2018
https://t.co/uRqASsasLn"
41,1656169532,2018-03-03T11:29:58.000Z,['969897667143888898'],"{'urls': [{'start': 62, 'end': 85, 'url': 'https://t.co/u7ozbiDnlB', 'expanded_url': 'http://data.gov', 'display_url': 'data.gov'}, {'start': 86, 'end': 109, 'url': 'https://t.co/Cg7jtwb1W1', 'expanded_url': 'http://data.co.uk', 'display_url': 'data.co.uk'}, {'start': 110, 'end': 133, 'url': 'https://t.co/HM5yVJdSo3', 'expanded_url': 'http://data.gov.au', 'display_url': 'data.gov.au'}, {'start': 134, 'end': 157, 'url': 'https://t.co/75xGpkzwG7', 'expanded_url': 'http://oppnadata.se', 'display_url': 'oppnadata.se'}, {'start': 159, 'end': 182, 'url': 'https://t.co/du9YObWkdp', 'expanded_url': 'http://data.gouv.fr', 'display_url': 'data.gouv.fr'}, {'start': 277, 'end': 300, 'url': 'https://t.co/MX8nTgzULj', 'expanded_url': 'https://twitter.com/mmozejewski/status/969897667143888898/photo/1', 'display_url': 'pic.twitter.com/MX8nTgzULj', 'media_key': '3_969893734329602048'}, {'start': 277, 'end': 300, 'url': 'https://t.co/MX8nTgzULj', 'expanded_url': 'https://twitter.com/mmozejewski/status/969897667143888898/photo/1', 'display_url': 'pic.twitter.com/MX8nTgzULj', 'media_key': '3_969897222648328192'}, {'start': 277, 'end': 300, 'url': 'https://t.co/MX8nTgzULj', 'expanded_url': 'https://twitter.com/mmozejewski/status/969897667143888898/photo/1', 'display_url': 'pic.twitter.com/MX8nTgzULj', 'media_key': '3_969897584394493952'}], 'hashtags': [{'start': 20, 'end': 29, 'tag': 'opendata'}, {'start': 207, 'end': 212, 'tag': 'ODQM'}, {'start': 214, 'end': 224, 'tag': '5StarData'}, {'start': 247, 'end': 259, 'tag': 'opendataday'}, {'start': 260, 'end': 276, 'tag': 'opendataday2018'}], 'annotations': [{'start': 208, 'end': 211, 'probability': 0.6345, 'type': 'Other', 'normalized_text': 'ODQM'}]}",969897667143888898,"{'retweet_count': 1, 'reply_count': 0, 'like_count': 2, 'quote_count': 0}",Twitter Web Client,"Meet the quality of #opendata in major open data portals (e.g https://t.co/u7ozbiDnlB https://t.co/Cg7jtwb1W1 https://t.co/HM5yVJdSo3 https://t.co/75xGpkzwG7, https://t.co/du9YObWkdp) by science methodology #ODQM (#5StarData+qualitology+infology) #opendataday #opendataday2018 https://t.co/MX8nTgzULj"
42,849262502051540992,2018-02-21T13:48:06.000Z,['966308550057299969'],"{'urls': [{'start': 51, 'end': 74, 'url': 'https://t.co/U1ua8sIdeq', 'expanded_url': 'https://oppnadata.se/2018/02/21/sa-far-du-in-oppna-data-i-verksamhetsutvecklingen/', 'display_url': 'oppnadata.se/2018/02/21/sa-‚Ä¶'}, {'start': 75, 'end': 98, 'url': 'https://t.co/E3m0tqsTrD', 'expanded_url': 'https://twitter.com/oppnadata_psi/status/966308550057299969/photo/1', 'display_url': 'pic.twitter.com/E3m0tqsTrD', 'media_key': '3_966308471091159041'}]}",966308550057299969,"{'retweet_count': 9, 'reply_count': 0, 'like_count': 7, 'quote_count': 2}",Twitter Web Client,"S√• f√•r du in √∂ppna data i verksamhetsutvecklingen:
https://t.co/U1ua8sIdeq https://t.co/E3m0tqsTrD"
43,81824914,2018-02-21T08:43:21.000Z,['966231858827669505'],"{'urls': [{'start': 110, 'end': 133, 'url': 'https://t.co/pLnEaMUqmd', 'expanded_url': 'https://oppnadata.se/2018/02/09/spannande-resultat-fran-hack-pa-riksarkivet/', 'display_url': 'oppnadata.se/2018/02/09/spa‚Ä¶'}], 'hashtags': [{'start': 175, 'end': 185, 'tag': '√∂ppnadata'}, {'start': 186, 'end': 204, 'tag': 'digitaltkulturarv'}, {'start': 205, 'end': 212, 'tag': 'museer'}], 'mentions': [{'start': 85, 'end': 99, 'username': 'oppnadata_psi', 'id': '849262502051540992'}, {'start': 139, 'end': 154, 'username': 'AlbinPCLarsson', 'id': '703573219'}, {'start': 155, 'end': 163, 'username': 'carwash', 'id': '14056676'}]}",966231858827669505,"{'retweet_count': 8, 'reply_count': 0, 'like_count': 9, 'quote_count': 0}",Twitter Web Client,"Efter ett hackathon f√∂r n√•n vecka sedan finns nu alla dataset fr√•n K-sams√∂k ocks√• p√• @oppnadata_psi portalen, https://t.co/pLnEaMUqmd Tack @AlbinPCLarsson @carwash och Felix. #√∂ppnadata #digitaltkulturarv #museer"
44,849262502051540992,2018-02-19T14:55:43.000Z,['965600792974589952'],"{'urls': [{'start': 120, 'end': 143, 'url': 'https://t.co/vT9xCFdPxZ', 'expanded_url': 'https://oppnadata.se/2018/02/19/arets-hack-for-sweden-13-15-april-i-stockholm/', 'display_url': 'oppnadata.se/2018/02/19/are‚Ä¶'}, {'start': 144, 'end': 167, 'url': 'https://t.co/5Db5HZ73v8', 'expanded_url': 'https://twitter.com/oppnadata_psi/status/965600792974589952/photo/1', 'display_url': 'pic.twitter.com/5Db5HZ73v8', 'media_key': '3_965600556877303811'}]}",965600792974589952,"{'retweet_count': 10, 'reply_count': 0, 'like_count': 11, 'quote_count': 0}",Twitter Web Client,Nu kan du anm√§la dig till Hack for Sweden f√∂r att l√∂sa samh√§llsutmaningar med hj√§lp av svenska myndigheters √∂ppna data. https://t.co/vT9xCFdPxZ https://t.co/5Db5HZ73v8
45,849262502051540992,2018-02-15T13:08:23.000Z,['964124231243124736'],"{'urls': [{'start': 94, 'end': 117, 'url': 'https://t.co/VccXQuBM5o', 'expanded_url': 'https://oppnadata.se/2018/02/15/en-heldag-om-hur-myndigheter-kommer-igang-med-oppna-data/', 'display_url': 'oppnadata.se/2018/02/15/en-‚Ä¶'}, {'start': 118, 'end': 141, 'url': 'https://t.co/9xpI0gsVmn', 'expanded_url': 'https://twitter.com/oppnadata_psi/status/964124231243124736/photo/1', 'display_url': 'pic.twitter.com/9xpI0gsVmn', 'media_key': '3_964124172019519488'}]}",964124231243124736,"{'retweet_count': 2, 'reply_count': 0, 'like_count': 2, 'quote_count': 0}",Twitter Web Client,eSam och Riksarkivet ordnade en temadag f√∂r dem som jobbar med √∂ppna data p√• myndighet i g√•r. https://t.co/VccXQuBM5o https://t.co/9xpI0gsVmn
46,64015230,2018-02-12T19:36:31.000Z,['963134743977054208'],"{'urls': [{'start': 74, 'end': 97, 'url': 'https://t.co/E9e5m4jjyp', 'expanded_url': 'http://ift.tt/2nUpTnD', 'display_url': 'ift.tt/2nUpTnD'}]}",963134743977054208,"{'retweet_count': 2, 'reply_count': 0, 'like_count': 0, 'quote_count': 0}",IFTTT,Publicera data som √∂ppna ‚Äì Den nationella portalen f√∂r √∂ppna data och PSI https://t.co/E9e5m4jjyp
47,849262502051540992,2018-02-09T12:17:44.000Z,['961937157588967424'],"{'urls': [{'start': 184, 'end': 207, 'url': 'https://t.co/dEXSvxTYSF', 'expanded_url': 'https://oppnadata.se/2018/02/09/spannande-resultat-fran-hack-pa-riksarkivet/', 'display_url': 'oppnadata.se/2018/02/09/spa‚Ä¶'}, {'start': 208, 'end': 231, 'url': 'https://t.co/oPIqnyuUpM', 'expanded_url': 'https://twitter.com/oppnadata_psi/status/961937157588967424/photo/1', 'display_url': 'pic.twitter.com/oPIqnyuUpM', 'media_key': '3_961936960456658945'}]}",961937157588967424,"{'retweet_count': 2, 'reply_count': 0, 'like_count': 1, 'quote_count': 0}",Twitter Web Client,Vid ett hackaton p√• Riksarkivet 1-2 februari fick deltagare m√∂jlighet att anpassa verktyg till den kommande rekommendationen av metadataspecifikationen DCAT-AP. Bild: Hack for Sweden. https://t.co/dEXSvxTYSF https://t.co/oPIqnyuUpM
48,849262502051540992,2018-01-24T14:20:20.000Z,['956169801545723904'],"{'urls': [{'start': 143, 'end': 166, 'url': 'https://t.co/k6OmKWuGrT', 'expanded_url': 'https://oppnadata.se/2018/01/04/bidra-till-mer-oppna-data-i-den-nationella-dataportalen-hackathon-den-1-2-februari/', 'display_url': 'oppnadata.se/2018/01/04/bid‚Ä¶', 'unwound_url': 'https://oppnadata.se/2018/01/04/bidra-till-mer-oppna-data-i-den-nationella-dataportalen-hackathon-den-1-2-februari/'}, {'start': 167, 'end': 190, 'url': 'https://t.co/Y2acWe54H5', 'expanded_url': 'https://twitter.com/oppnadata_psi/status/956169801545723904/photo/1', 'display_url': 'pic.twitter.com/Y2acWe54H5', 'media_key': '3_956169717290622977'}]}",956169801545723904,"{'retweet_count': 3, 'reply_count': 0, 'like_count': 0, 'quote_count': 0}",Twitter Web Client,"I morgon √§r sista dagen f√∂r att anm√§la sig till hackaton p√• Riksarkivet 1-2 februari f√∂r att anpassa verktyg f√∂r metadatan DCAT-AP. V√§lkommen!
https://t.co/k6OmKWuGrT https://t.co/Y2acWe54H5"
49,26197174,2018-01-20T11:13:13.000Z,['954673162222034949'],"{'urls': [{'start': 138, 'end': 161, 'url': 'https://t.co/aczSKzSXwq', 'expanded_url': 'http://www.oppnadata.se', 'display_url': 'oppnadata.se'}], 'hashtags': [{'start': 10, 'end': 24, 'tag': 'digitalsering'}, {'start': 246, 'end': 255, 'tag': 'opendata'}, {'start': 256, 'end': 264, 'tag': 'opengov'}, {'start': 265, 'end': 275, 'tag': 'oppnadata'}]}",954673162222034949,"{'retweet_count': 0, 'reply_count': 1, 'like_count': 0, 'quote_count': 0}",Twitter Web Client,"Anser att #digitalsering i stort handlar om att konvertera data till v√§rde f√∂r m√§nniskor. Likst√§ller att vi endast har 599 datam√§ngder p√• https://t.co/aczSKzSXwq med att vi har l√•g digital mognad i Sverige. 

Det √§r ok men hur fixar vi det h√§r?

#opendata #opengov #oppnadata"
50,2289359430,2018-01-17T08:46:31.000Z,['953549078675238912'],"{'urls': [{'start': 134, 'end': 157, 'url': 'https://t.co/cemyDczghG', 'expanded_url': 'https://oppnadata.se/2018/01/04/bidra-till-mer-oppna-data-i-den-nationella-dataportalen-hackathon-den-1-2-februari/', 'display_url': 'oppnadata.se/2018/01/04/bid‚Ä¶'}]}",953549078675238912,"{'retweet_count': 20, 'reply_count': 0, 'like_count': 16, 'quote_count': 0}",Twitter Web Client,Missa inte Riksarkivets hackathon i 1-2 februari och bidra till att mer √∂ppen data syns i den nationella dataportalen oppendata.se !  https://t.co/cemyDczghG
51,849262502051540992,2018-01-16T10:18:57.000Z,['953209954449674240'],"{'urls': [{'start': 62, 'end': 85, 'url': 'https://t.co/7Ev1ums2Sx', 'expanded_url': 'https://oppnadata.se/2018/01/15/publicera-data-som-oppna/', 'display_url': 'oppnadata.se/2018/01/15/pub‚Ä¶', 'images': [{'url': 'https://pbs.twimg.com/news_img/1531301788791750656/ES83v6_j?format=png&name=orig', 'width': 150, 'height': 150}, {'url': 'https://pbs.twimg.com/news_img/1531301788791750656/ES83v6_j?format=png&name=150x150', 'width': 150, 'height': 150}], 'status': 200, 'title': 'Sveriges dataportal', 'description': 'Sveriges nationella dataportal f√∂r att hitta, utforska och anv√§nda data fr√•n offentlig och privat sektor', 'unwound_url': 'https://www.dataportal.se/'}]}",953209954449674240,"{'retweet_count': 10, 'reply_count': 0, 'like_count': 9, 'quote_count': 1}",Twitter Web Client,Genom att anv√§nda m√§rkningen CC0 visar du att datan √§r √∂ppen‚Ä¶ https://t.co/7Ev1ums2Sx
52,849262502051540992,2018-01-15T09:23:16.000Z,['952833554366582784'],"{'urls': [{'start': 186, 'end': 209, 'url': 'https://t.co/k6OmKWuGrT', 'expanded_url': 'https://oppnadata.se/2018/01/04/bidra-till-mer-oppna-data-i-den-nationella-dataportalen-hackathon-den-1-2-februari/', 'display_url': 'oppnadata.se/2018/01/04/bid‚Ä¶', 'unwound_url': 'https://oppnadata.se/2018/01/04/bidra-till-mer-oppna-data-i-den-nationella-dataportalen-hackathon-den-1-2-februari/'}], 'hashtags': [{'start': 155, 'end': 165, 'tag': '√∂ppnadata'}, {'start': 166, 'end': 176, 'tag': 'oppnadata'}, {'start': 177, 'end': 184, 'tag': 'dcatap'}]}",952833554366582784,"{'retweet_count': 8, 'reply_count': 1, 'like_count': 5, 'quote_count': 0}",Twitter Web Client,"Vi arrangerar ett hack 1-2 februari som g√•r ut p√• att anpassa verktyg till metadataspecifikationen DCAT-AP. Nu √§r programmet f√∂r dagarna klart. Anm√§l dig! #√∂ppnadata #oppnadata #dcatap

https://t.co/k6OmKWuGrT"
53,224965768,2018-01-12T08:03:35.000Z,['951726335155691520'],"{'urls': [{'start': 228, 'end': 251, 'url': 'https://t.co/4CcHIxCfmQ', 'expanded_url': 'https://oppnadata.se/2018/01/04/bidra-till-mer-oppna-data-i-den-nationella-dataportalen-hackathon-den-1-2-februari/', 'display_url': 'oppnadata.se/2018/01/04/bid‚Ä¶'}], 'hashtags': [{'start': 252, 'end': 260, 'tag': 'sambruk'}, {'start': 261, 'end': 271, 'tag': '√∂ppnadata'}]}",951726335155691520,"{'retweet_count': 1, 'reply_count': 0, 'like_count': 1, 'quote_count': 0}",Twitter Web Client,Riksarkivet anordnar tillsammans med Hack for Sweden &amp; Arbetsf√∂rmedlingen ett hackathon 1-2/2  med syfte att √∂ka antalet √∂ppna data i den nationella dataportalen som kan m√∂jligg√∂ra utveckling av nya tj√§nster &amp; produkter https://t.co/4CcHIxCfmQ #sambruk #√∂ppnadata
54,849262502051540992,2018-01-09T10:03:18.000Z,['950669299479449605'],"{'urls': [{'start': 83, 'end': 106, 'url': 'https://t.co/R7t2i6YtLs', 'expanded_url': 'https://oppnadata.se/oppna-standarder/', 'display_url': 'oppnadata.se/oppna-standard‚Ä¶', 'unwound_url': 'https://oppnadata.se/oppna-standarder/'}], 'hashtags': [{'start': 107, 'end': 117, 'tag': '√∂ppnadata'}, {'start': 118, 'end': 129, 'tag': 'standarder'}, {'start': 130, 'end': 146, 'tag': '√∂ppnastandarder'}]}",950669299479449605,"{'retweet_count': 7, 'reply_count': 0, 'like_count': 8, 'quote_count': 2}",Twitter Web Client,"Har du alltid undrat vad √∂ppna standarder √§r f√∂r n√•got? H√§r reder vi ut begreppen! https://t.co/R7t2i6YtLs
#√∂ppnadata #standarder #√∂ppnastandarder"
55,849262502051540992,2018-01-08T13:16:20.000Z,['950355492261462016'],"{'urls': [{'start': 80, 'end': 103, 'url': 'https://t.co/SKEAtALp0D', 'expanded_url': 'https://oppnadata.se/dcat-ap-metadataspecifikation/', 'display_url': 'oppnadata.se/dcat-ap-metada‚Ä¶'}], 'hashtags': [{'start': 161, 'end': 168, 'tag': 'dcatap'}, {'start': 169, 'end': 179, 'tag': 'oppnadata'}, {'start': 180, 'end': 190, 'tag': 'oppendata'}]}",950355492261462016,"{'retweet_count': 3, 'reply_count': 0, 'like_count': 3, 'quote_count': 0}",Twitter Web Client,"Nu har vi sammanst√§llt en lista p√• verktyg f√∂r metadataspecifikationen
DCAT-AP. https://t.co/SKEAtALp0D K√§nner du till ytterligare verktyg, h√∂r av dig till oss! #dcatap #oppnadata #oppendata"
56,180093608,2018-01-04T15:01:08.000Z,['948932313223643142'],"{'urls': [{'start': 57, 'end': 80, 'url': 'https://t.co/2PWDsWqp94', 'expanded_url': 'https://oppnadata.se/2018/01/04/bidra-till-mer-oppna-data-i-den-nationella-dataportalen-hackathon-den-1-2-februari/', 'display_url': 'oppnadata.se/2018/01/04/bid‚Ä¶'}]}",948932313223643142,"{'retweet_count': 0, 'reply_count': 0, 'like_count': 0, 'quote_count': 0}",Twitter Web Client,Bidra till mer √∂ppna data i den nationella dataportalen: https://t.co/2PWDsWqp94
57,849262502051540992,2018-01-04T12:10:43.000Z,['948889424854683648'],"{'urls': [{'start': 163, 'end': 186, 'url': 'https://t.co/k6OmKWuGrT', 'expanded_url': 'https://oppnadata.se/2018/01/04/bidra-till-mer-oppna-data-i-den-nationella-dataportalen-hackathon-den-1-2-februari/', 'display_url': 'oppnadata.se/2018/01/04/bid‚Ä¶', 'unwound_url': 'https://oppnadata.se/2018/01/04/bidra-till-mer-oppna-data-i-den-nationella-dataportalen-hackathon-den-1-2-februari/'}], 'hashtags': [{'start': 189, 'end': 199, 'tag': '√∂ppnadata'}, {'start': 200, 'end': 209, 'tag': 'opendata'}, {'start': 210, 'end': 222, 'tag': 'Riksarkivet'}], 'mentions': [{'start': 223, 'end': 237, 'username': 'HackForSweden', 'id': '2289359430'}]}",948889424854683648,"{'retweet_count': 26, 'reply_count': 0, 'like_count': 7, 'quote_count': 1}",Twitter Web Client,√Ñr du utvecklare och vill bidra till att mer √∂ppna data syns i den nationella dataportalen √∂ppnadata.se? Anm√§l dig till hackathon p√• Riksarkivet den 1-2 februari! https://t.co/k6OmKWuGrT ‚Ä¶ #√∂ppnadata #opendata #Riksarkivet @HackForSweden
58,849262502051540992,2017-12-21T07:20:04.000Z,['943742852525326336'],"{'urls': [{'start': 44, 'end': 67, 'url': 'https://t.co/ak0Uit3Tpy', 'expanded_url': 'https://oppnadata.se/2017/12/20/god-jul-och-gott-nytt-ar/', 'display_url': 'oppnadata.se/2017/12/20/god‚Ä¶'}], 'hashtags': [{'start': 68, 'end': 78, 'tag': '√∂ppnadata'}, {'start': 79, 'end': 91, 'tag': 'Riksarkivet'}, {'start': 92, 'end': 99, 'tag': 'godjul'}]}",943742852525326336,"{'retweet_count': 2, 'reply_count': 0, 'like_count': 0, 'quote_count': 0}",Twitter Web Client,"God Jul och Gott Nytt √Ör √∂nskar vi er alla! https://t.co/ak0Uit3Tpy
#√∂ppnadata #Riksarkivet #godjul"
59,539690020,2017-12-20T15:48:09.000Z,['943508325655818246'],"{'urls': [{'start': 115, 'end': 138, 'url': 'https://t.co/lG79Sk2wjf', 'expanded_url': 'https://oppnadata.se/2017/12/20/hackathon-1-2-februari-2018/', 'display_url': 'oppnadata.se/2017/12/20/hac‚Ä¶'}], 'mentions': [{'start': 31, 'end': 45, 'username': 'oppnadata_psi', 'id': '849262502051540992'}, {'start': 83, 'end': 97, 'username': 'HackForSweden', 'id': '2289359430'}]}",943508325655818246,"{'retweet_count': 1, 'reply_count': 0, 'like_count': 0, 'quote_count': 1}",Twitter for Android,Den 1-2 feb bjuder Riksarkivet @oppnadata_psi  i samarbete med Arbetsf√∂rmedlingen/ @HackForSweden  till hackathon: https://t.co/lG79Sk2wjf
60,213579515,2017-12-08T14:00:10.000Z,['939132498612809733'],"{'urls': [{'start': 64, 'end': 87, 'url': 'https://t.co/Qh1jvETHOJ', 'expanded_url': 'http://bit.ly/2AZhBmS', 'display_url': 'bit.ly/2AZhBmS'}], 'hashtags': [{'start': 0, 'end': 9, 'tag': 'OpenData'}, {'start': 36, 'end': 41, 'tag': 'Data'}], 'annotations': [{'start': 56, 'end': 61, 'probability': 0.9811, 'type': 'Place', 'normalized_text': 'Sweden'}]}",939132498612809733,"{'retweet_count': 2, 'reply_count': 0, 'like_count': 1, 'quote_count': 0}",Twuffer,#OpenData and usability: publishing #Data for re-use in Sweden. https://t.co/Qh1jvETHOJ
61,880057166132019200,2017-12-08T11:30:52.000Z,['939094923751624709'],"{'urls': [{'start': 59, 'end': 82, 'url': 'https://t.co/oVRQkp2NXV', 'expanded_url': 'https://oppnadata.se/2017/12/08/ny-myndighet-for-att-framja-tillgangliggorandet-av-oppna-data-fran-offentliga-sektorn/', 'display_url': 'oppnadata.se/2017/12/08/ny-‚Ä¶'}], 'hashtags': [{'start': 38, 'end': 47, 'tag': 'opendata'}, {'start': 48, 'end': 58, 'tag': '√∂ppnadata'}]}",939094923751624709,"{'retweet_count': 1, 'reply_count': 0, 'like_count': 1, 'quote_count': 0}",Twitter Web Client,V√§lkommen digitaliseringsmyndigheten! #opendata #√∂ppnadata https://t.co/oVRQkp2NXV
62,849262502051540992,2017-12-08T10:37:16.000Z,['939081438648991744'],"{'urls': [{'start': 153, 'end': 176, 'url': 'https://t.co/To3KdfHuVi', 'expanded_url': 'https://oppnadata.se/2017/12/08/ny-myndighet-for-att-framja-tillgangliggorandet-av-oppna-data-fran-offentliga-sektorn/', 'display_url': 'oppnadata.se/2017/12/08/ny-‚Ä¶', 'unwound_url': 'https://oppnadata.se/2017/12/08/ny-myndighet-for-att-framja-tillgangliggorandet-av-oppna-data-fran-offentliga-sektorn/'}], 'hashtags': [{'start': 177, 'end': 187, 'tag': '√∂ppnadata'}]}",939081438648991744,"{'retweet_count': 3, 'reply_count': 0, 'like_count': 3, 'quote_count': 0}",Twitter Web Client,"En ny myndighet som bl a ska fr√§mja tillg√§ngligg√∂randet av √∂ppna data och datadriven innovation startar den 1 september. Riksarkivet v√§lkomnar beslutet. https://t.co/To3KdfHuVi
#√∂ppnadata"
63,849262502051540992,2017-12-07T12:22:53.000Z,['938745628280147968'],"{'urls': [{'start': 244, 'end': 267, 'url': 'https://t.co/p5C8ClRp9n', 'expanded_url': 'https://oppnadata.se/2017/12/07/lyckat-rad-for-oppna-data-och-datadriven-innovation/', 'display_url': 'oppnadata.se/2017/12/07/lyc‚Ä¶'}], 'hashtags': [{'start': 268, 'end': 278, 'tag': '√∂ppnadata'}], 'mentions': [{'start': 131, 'end': 141, 'username': 'DigiGovSE', 'id': '3673248377'}]}",938745628280147968,"{'retweet_count': 5, 'reply_count': 1, 'like_count': 5, 'quote_count': 0}",Twitter Web Client,"Hur kan Sverige bli bland de b√§sta i v√§rlden p√• √∂ppna data och datadriven innovation? Den fr√•gan diskuterades under √ñppna r√•det p√• @DigiGovSE , som arrangeras av SKL och regeringen. Riksarkivet ledde diskussionen. Tack till alla f√∂r bra input! https://t.co/p5C8ClRp9n #√∂ppnadata"
64,123872235,2017-12-05T12:55:38.000Z,['938029095929204736'],"{'urls': [{'start': 66, 'end': 89, 'url': 'https://t.co/Q0YA9GvAUx', 'expanded_url': 'https://oppnadata.se/', 'display_url': 'oppnadata.se'}], 'hashtags': [{'start': 90, 'end': 100, 'tag': 'Digigovse'}]}",938029095929204736,"{'retweet_count': 1, 'reply_count': 0, 'like_count': 1, 'quote_count': 0}",Twitter Web Client,"√ñppnadta.se kan vara en grund f√∂r framtida digitala innovationer, https://t.co/Q0YA9GvAUx #Digigovse"
65,224965768,2017-11-13T10:00:27.000Z,['930012475373899776'],"{'urls': [{'start': 76, 'end': 99, 'url': 'https://t.co/R6BTWrjWqx', 'expanded_url': 'https://oppnadata.se/news/europeiska-dataportalens-elearning-program', 'display_url': 'oppnadata.se/news/europeisk‚Ä¶'}], 'hashtags': [{'start': 100, 'end': 108, 'tag': 'sambruk'}]}",930012475373899776,"{'retweet_count': 0, 'reply_count': 0, 'like_count': 1, 'quote_count': 0}",Twitter Web Client,Digital utbildning om √∂ppna data framtagen av Europeiska Dataportalen (EDP) https://t.co/R6BTWrjWqx #sambruk
66,849262502051540992,2017-10-03T11:04:27.000Z,['915170676708913152'],"{'urls': [{'start': 116, 'end': 139, 'url': 'https://t.co/XbasrpjNhe', 'expanded_url': 'http://www.vidareutnyttjande.se/2017/10/03/skordning-av-dataportaler-till-oppnadata-se/', 'display_url': 'vidareutnyttjande.se/2017/10/03/sko‚Ä¶'}]}",915170676708913152,"{'retweet_count': 4, 'reply_count': 0, 'like_count': 2, 'quote_count': 1}",Twitter Web Client,Nybloggat: Riksarkivet unders√∂ker m√∂jligheten att sk√∂rda och visa metadata fr√•n √∂vriga dataportaler i oppnadata.se. https://t.co/XbasrpjNhe
67,201668267,2017-09-26T15:16:13.000Z,['912697323683221504'],"{'urls': [{'start': 38, 'end': 61, 'url': 'https://t.co/Q0GAPDpVxH', 'expanded_url': 'http://www.lidingo.se/psidata', 'display_url': 'lidingo.se/psidata', 'status': 200, 'unwound_url': 'https://www.lidingo.se/psidata'}, {'start': 62, 'end': 85, 'url': 'https://t.co/GOLxYKNN8y', 'expanded_url': 'https://sandbox.oppnadata.se/#view=visualization', 'display_url': 'sandbox.oppnadata.se/#view=visualiz‚Ä¶'}], 'hashtags': [{'start': 86, 'end': 95, 'tag': 'OpenData'}, {'start': 96, 'end': 108, 'tag': 'lidingostad'}]}",912697323683221504,"{'retweet_count': 0, 'reply_count': 0, 'like_count': 1, 'quote_count': 0}",Twitter Web Client,"Kul med kunder som b√•de g√∂r och syns!
https://t.co/Q0GAPDpVxH
https://t.co/GOLxYKNN8y
#OpenData #lidingostad"
68,849262502051540992,2017-08-27T16:06:28.000Z,['901838333416022016'],"{'urls': [{'start': 117, 'end': 140, 'url': 'https://t.co/K0CJmXJ2lC', 'expanded_url': 'http://www.vidareutnyttjande.se/2017/08/11/nya-rapporter-fran-regeringsuppdraget-kring-oppna-data-vid-riksarkivet/', 'display_url': 'vidareutnyttjande.se/2017/08/11/nya‚Ä¶'}]}",901838333416022016,"{'retweet_count': 2, 'reply_count': 0, 'like_count': 0, 'quote_count': 0}",Twitter Web Client,Vilka funktioner skulle vara anv√§ndbara f√∂r dig p√• nationella dataportalen oppnadata.se. Ge feedback p√• rapporter ÔøºÔøºÔøºhttps://t.co/K0CJmXJ2lC
69,224965768,2017-08-15T07:34:27.000Z,['897360823168925696'],"{'hashtags': [{'start': 134, 'end': 142, 'tag': 'sambruk'}]}",897360823168925696,"{'retweet_count': 0, 'reply_count': 0, 'like_count': 0, 'quote_count': 1}",Twitter Web Client,"Kartl√§ggn av anv√§ndarbehoven kring PSI-f√∂rteckn &amp; √∂ppna data, utvecklingsplan f√∂r oppnadata.se &amp; vidareutnyttjande.se @ra_ofi #sambruk"
70,110952502,2017-06-07T07:52:11.000Z,['872360525396660225'],"{'urls': [{'start': 63, 'end': 86, 'url': 'https://t.co/SnO3yOQnCT', 'expanded_url': 'https://oppnadata.se/', 'display_url': 'oppnadata.se'}], 'hashtags': [{'start': 24, 'end': 34, 'tag': 'oppnadata'}]}",872360525396660225,"{'retweet_count': 0, 'reply_count': 0, 'like_count': 0, 'quote_count': 0}",Twitter Web Client,"Testar.
Kommer allt med #oppnadata upp direkt p√• startsidan p√• https://t.co/SnO3yOQnCT?  ^__^"
71,2803631814,2017-05-16T14:12:37.000Z,['864483730865389568'],"{'urls': [{'start': 74, 'end': 97, 'url': 'https://t.co/TNGwVArOza', 'expanded_url': 'https://twitter.com/ArkivIT/status/864483730865389568/photo/1', 'display_url': 'pic.twitter.com/TNGwVArOza', 'media_key': '3_864483716919209986'}], 'hashtags': [{'start': 45, 'end': 57, 'tag': 'arkivveckan'}, {'start': 58, 'end': 63, 'tag': 'avec'}, {'start': 64, 'end': 73, 'tag': 'OpenData'}]}",864483730865389568,"{'retweet_count': 1, 'reply_count': 0, 'like_count': 1, 'quote_count': 0}",Twitter for Android,Mer √∂ppen data till folket via  Oppnadata.se #arkivveckan #avec #OpenData https://t.co/TNGwVArOza
72,39503091,2017-05-09T18:05:06.000Z,['862005520764465152'],"{'urls': [{'start': 64, 'end': 87, 'url': 'https://t.co/4tFFSvpzA1', 'expanded_url': 'http://buff.ly/2pZql3Q', 'display_url': 'buff.ly/2pZql3Q'}, {'start': 114, 'end': 137, 'url': 'https://t.co/LSQ5BSQBRY', 'expanded_url': 'https://twitter.com/peterdalle/status/862005520764465152/photo/1', 'display_url': 'pic.twitter.com/LSQ5BSQBRY', 'media_key': '3_862005519044792320'}], 'hashtags': [{'start': 88, 'end': 97, 'tag': 'opendata'}, {'start': 98, 'end': 113, 'tag': 'medieforskning'}]}",862005520764465152,"{'retweet_count': 1, 'reply_count': 0, 'like_count': 1, 'quote_count': 0}",Buffer,"√ñppna data! Vet inte hur jag missat detta, men det √§r j√§ttebra! https://t.co/4tFFSvpzA1 #opendata #medieforskning https://t.co/LSQ5BSQBRY"
73,313308546,2017-04-12T10:23:58.000Z,['852105003678486529'],"{'urls': [{'start': 114, 'end': 137, 'url': 'https://t.co/EPcIwy3mpY', 'expanded_url': 'https://entryscape.com/2017/04/lund-publishes-data-to-oppnadata-se/', 'display_url': 'entryscape.com/2017/04/lund-p‚Ä¶'}, {'start': 138, 'end': 161, 'url': 'https://t.co/rFAH3vxnJG', 'expanded_url': 'https://twitter.com/MetaSolutionsAB/status/852105003678486529/photo/1', 'display_url': 'pic.twitter.com/rFAH3vxnJG', 'media_key': '3_852102485565218816'}], 'hashtags': [{'start': 103, 'end': 113, 'tag': 'oppnadata'}], 'mentions': [{'start': 95, 'end': 102, 'username': 'tyskan', 'id': '15820877'}]}",852105003678486529,"{'retweet_count': 2, 'reply_count': 0, 'like_count': 0, 'quote_count': 0}",Twitter Web Client,Lund publicerar skoldata med geografisk koppling - √∂ppnadata.se. Nu integreras datan i hemnet. @tyskan #oppnadata https://t.co/EPcIwy3mpY https://t.co/rFAH3vxnJG
74,539690020,2017-04-12T09:02:47.000Z,['852084571353075712'],"{'urls': [{'start': 59, 'end': 82, 'url': 'https://t.co/FOwsIAlo6R', 'expanded_url': 'http://www.vidareutnyttjande.se/2017/04/11/dataportalen-oppnadata-se-och-den-europeiska-dataportalen/', 'display_url': 'vidareutnyttjande.se/2017/04/11/dat‚Ä¶'}]}",852084571353075712,"{'retweet_count': 3, 'reply_count': 0, 'like_count': 3, 'quote_count': 1}",Twitter for Android,Dataportalen oppnadata.se och den europeiska dataportalen: https://t.co/FOwsIAlo6R
75,551702459,2017-02-27T07:26:10.000Z,['836115189711929344'],"{'urls': [{'start': 17, 'end': 40, 'url': 'https://t.co/gXsyzlbbLW', 'expanded_url': 'http://oppnadata.se/organization/sveriges-kommuner-och-landsting', 'display_url': 'oppnadata.se/organization/s‚Ä¶'}]}",836115189711929344,"{'retweet_count': 0, 'reply_count': 0, 'like_count': 1, 'quote_count': 0}",Twitter Web Client,Nu √§r SKL med p√• https://t.co/gXsyzlbbLW fler dataset kommer fram√∂ver.
76,313308546,2017-02-20T14:06:08.000Z,['833679130348625920'],"{'urls': [{'start': 97, 'end': 120, 'url': 'https://t.co/DUBp8X0no9', 'expanded_url': 'http://bit.ly/2kQer8l', 'display_url': 'bit.ly/2kQer8l'}, {'start': 133, 'end': 156, 'url': 'https://t.co/M6w6SGEHlI', 'expanded_url': 'https://twitter.com/MetaSolutionsAB/status/833679130348625920/photo/1', 'display_url': 'pic.twitter.com/M6w6SGEHlI', 'media_key': '3_833671322093887488'}], 'hashtags': [{'start': 122, 'end': 132, 'tag': 'oppnadata'}]}",833679130348625920,"{'retweet_count': 0, 'reply_count': 0, 'like_count': 0, 'quote_count': 0}",Twitter Web Client,G√∂teborgs stad forts√§tter √∂ppna data. Nu finns leverant√∂rsreskontran tillg√§nglig som √∂ppna data. https://t.co/DUBp8X0no9  #oppnadata https://t.co/M6w6SGEHlI
